# Blender 4.5.5 LTS
# www.blender.org
mtllib shoes.mtl
o Plane
v -5.317853 2.702640 -8.495272
v -5.302322 2.702640 -10.710581
v -2.595707 2.702640 -13.689120
v -4.299588 2.702640 -12.676286
v -4.996511 2.702641 -6.304816
v -3.872898 2.702641 -3.985707
v -3.019609 2.702641 -1.541641
v -2.416363 2.702641 1.342407
v -2.455295 2.807715 4.099997
v -2.732430 2.912416 6.809032
v -2.278890 3.351646 9.919343
v -0.987671 4.127152 12.481540
v 1.074743 5.112629 14.648758
v 3.443469 5.544804 14.920656
v 5.932085 5.135078 13.630558
v 7.213237 4.113831 10.806674
v 7.826087 3.317935 7.613696
v 7.385260 2.923301 4.564166
v 6.395175 2.823340 1.871673
v 5.288104 2.718266 -0.595128
v 4.412663 2.718266 -3.367510
v 3.735463 2.718266 -5.820131
v 3.195831 2.718265 -8.400043
v 2.421989 2.718265 -10.372705
v 1.171073 2.718265 -12.114223
v -0.335239 2.718265 -13.506773
v -4.929361 2.709830 -8.346164
v -4.940903 2.709830 -10.502350
v -2.485318 2.709830 -13.370079
v -4.041223 2.709830 -12.404060
v -4.608158 2.709831 -6.210244
v -3.547296 2.709831 -3.939738
v -2.733700 2.709831 -1.550751
v -2.145032 2.709831 1.263594
v -2.148195 2.814905 3.949769
v -2.371571 2.910917 6.583605
v -1.918008 3.340531 9.616448
v -0.701524 4.046427 12.118724
v 1.221552 5.005804 14.253325
v 3.404381 5.425503 14.546708
v 5.678847 5.027710 13.318857
v 6.824480 4.033428 10.584048
v 7.352545 3.307636 7.489975
v 6.911388 2.921539 4.516445
v 5.969007 2.830153 1.883935
v 4.921139 2.725079 -0.532551
v 4.083333 2.725079 -3.241377
v 3.431653 2.725079 -5.636637
v 2.905063 2.725078 -8.154197
v 2.170060 2.725078 -10.083396
v 0.998804 2.725078 -11.793163
v -0.403369 2.725078 -13.166225
v 3.210184 6.170213 13.618273
v 2.879537 6.211278 12.037491
v 2.536719 6.309677 10.398520
v 5.736745 4.469700 12.703724
v 3.003496 5.925372 12.630126
v 1.252716 5.223785 13.276786
v -0.140460 4.918181 11.636628
v -0.014033 5.185362 12.427161
v 0.570690 5.151269 13.344021
v 0.821983 5.725246 12.215381
v -0.071590 4.348784 12.817870
v 0.560903 4.675574 13.505665
v 1.032612 5.523044 13.303696
v 0.677674 5.993969 10.802077
v 6.340934 5.132884 10.073219
v 4.817344 5.993969 9.936196
v 5.494806 5.523044 12.370353
v 6.084585 4.675574 12.350294
v -0.399915 5.132884 11.483181
v 0.920085 4.469233 13.687654
v 5.271517 5.223785 12.436187
v 1.895160 5.737152 12.870722
v 4.363173 5.737152 12.354496
v 6.461121 4.348784 11.451445
v 2.536146 6.010399 10.395785
v 5.251582 5.725246 11.288857
v 6.010834 5.151269 12.206123
v 6.815836 3.744237 10.628074
v -0.689722 3.743510 12.125999
v 6.073302 4.955197 10.124208
v 0.829370 5.717381 10.859549
v 4.665773 5.717381 10.028406
v 6.251793 5.185362 11.116559
v 4.633630 4.902337 13.682744
v 3.215683 5.657507 13.644562
v 2.307418 5.293539 13.980034
v 2.134856 4.902095 14.193184
v 4.392280 5.293539 13.543950
v 2.640703 5.559862 13.769378
v 3.921052 5.559862 13.501572
v 3.939239 5.004633 13.826533
v 3.308052 5.081356 13.969194
v 2.854208 5.055782 14.050599
v -4.929361 2.446792 -8.346164
v -4.940903 2.446792 -10.502350
v -2.485318 2.446792 -13.370079
v -4.041223 2.446792 -12.404060
v -4.608158 2.446793 -6.210244
v -3.547296 2.446793 -3.939738
v -2.733700 2.446793 -1.550751
v -2.145032 2.446793 1.263594
v -2.148195 2.551867 3.949769
v -2.371571 2.647878 6.583605
v -1.918008 3.077493 9.616448
v 0.954924 3.361939 13.854211
v 5.771584 3.362406 12.870282
v 7.352545 3.044597 7.489976
v 6.911388 2.658501 4.516445
v 5.969007 2.567115 1.883935
v 4.921139 2.462041 -0.532551
v 4.083333 2.462041 -3.241377
v 3.431653 2.462040 -5.636637
v 2.905063 2.462040 -8.154197
v 2.170060 2.462040 -10.083396
v 0.998804 2.462040 -11.793163
v -0.403369 2.462040 -13.166225
v 6.875026 2.636943 10.911056
v -0.623455 2.636216 12.442815
v 4.668468 3.795043 13.849301
v 2.169695 3.794801 14.359741
v 3.974077 3.897339 13.993092
v 3.342890 3.974062 14.135753
v 2.889046 3.948488 14.217157
v -4.894523 1.339498 -8.179606
v -4.906065 1.339498 -10.335792
v -2.450480 1.339498 -13.203522
v -4.006385 1.339498 -12.237503
v -4.573319 1.339499 -6.043685
v -3.512458 1.339499 -3.773180
v -2.698861 1.339499 -1.384193
v -2.110194 1.339499 1.430152
v -2.113356 1.444573 4.116326
v -2.336733 1.540584 6.750164
v -1.883169 1.970199 9.783006
v 7.387383 1.937303 7.656533
v 6.946226 1.551207 4.683003
v 6.003845 1.459821 2.050493
v 4.955977 1.354747 -0.365993
v 4.118171 1.354747 -3.074819
v 3.466491 1.354747 -5.470079
v 2.939902 1.354746 -7.987638
v 2.204898 1.354746 -9.916838
v 1.033642 1.354746 -11.626605
v -0.368530 1.354746 -12.999668
v 6.798272 4.056174 10.646611
v 2.561445 6.302579 10.516734
v 0.688083 5.974587 10.904015
v -0.372083 5.136669 11.551268
v 6.334505 5.136669 10.148473
v -0.656088 4.068235 12.169151
v 4.848664 5.974587 10.033759
v -0.683175 3.757512 12.120167
v 3.402067 5.434380 14.535642
v -0.070904 4.358755 12.813214
v 6.806985 3.758671 10.622068
v 0.561020 4.681244 13.503738
v 6.818716 4.046534 10.577959
v 5.676653 5.033614 13.307551
v -0.697928 4.059378 12.111150
v 6.083707 4.681244 12.348576
v 6.458625 4.358755 11.447453
v 1.219300 5.011970 14.242007
v 0.924050 4.478227 13.682755
v 5.731200 4.478688 12.700536
v 2.136913 4.906761 14.190642
v 4.630753 4.907000 13.681089
v 2.826657 5.236710 13.927696
v 3.301047 5.263143 13.937099
v 3.935157 5.272092 13.804184
v 6.792744 4.069053 10.640674
v -0.652703 4.080971 12.161787
vn 0.0150 0.9994 -0.0297
vn 0.0185 0.9998 -0.0054
vn -0.6762 0.7100 0.1965
vn -0.6752 0.6984 0.2375
vn -0.0343 0.9986 -0.0399
vn -0.0625 0.9929 -0.1009
vn 0.6712 0.7370 -0.0794
vn 0.7031 0.7111 0.0040
vn 0.0095 0.9954 -0.0953
vn 0.0092 0.9991 -0.0423
vn -0.6511 0.7241 0.2275
vn -0.6773 0.7270 0.1131
vn -0.0244 0.9997 0.0070
vn -0.0334 0.9993 -0.0193
vn 0.7187 0.6901 -0.0850
vn 0.6865 0.7024 -0.1881
vn -0.0203 0.9998 0.0053
vn -0.0228 0.9997 0.0098
vn 0.6590 0.7037 -0.2655
vn 0.6345 0.7491 -0.1904
vn 0.0008 0.9550 -0.2966
vn 0.0003 0.9813 -0.1924
vn -0.6766 0.7213 -0.1483
vn 0.2060 0.7204 -0.6622
vn 0.0151 0.9998 -0.0138
vn 0.0029 0.9998 -0.0186
vn -0.2568 0.7978 0.5455
vn -0.5177 0.7370 0.4346
vn -0.0177 0.9998 -0.0050
vn -0.0193 0.9998 0.0010
vn 0.6808 0.7306 -0.0525
vn 0.6257 0.7675 0.1392
vn -0.0759 0.9493 -0.3050
vn 0.0004 0.9462 -0.3235
vn 0.2702 0.9618 -0.0444
vn -0.0063 0.9987 0.0513
vn 0.0188 0.9998 -0.0060
vn 0.0168 0.9998 -0.0096
vn -0.5941 0.7417 0.3113
vn -0.6532 0.7325 0.1918
vn -0.1160 0.9528 -0.2805
vn -0.1333 0.9436 -0.3030
vn -0.2899 0.9554 0.0560
vn -0.5669 0.8107 0.1466
vn -0.5626 0.8138 0.1453
vn -0.5328 0.8394 0.1068
vn -0.4313 0.7573 -0.4904
vn 0.0195 0.9998 -0.0046
vn -0.6872 0.7074 0.1651
vn -0.0929 0.9764 -0.1951
vn 0.5907 0.7305 -0.3426
vn -0.0082 0.9998 -0.0191
vn 0.1350 0.7941 0.5926
vn -0.0136 0.9998 -0.0132
vn 0.4636 0.7837 0.4134
vn 0.5369 0.8398 -0.0804
vn 0.5722 0.8181 -0.0576
vn 0.5642 0.8233 -0.0620
vn 0.3363 0.9408 0.0424
vn 0.7296 0.6799 0.0734
vn 0.6380 0.3742 -0.6731
vn 0.1491 0.6503 -0.7449
vn 0.6529 0.6699 0.3534
vn 0.8819 0.3974 0.2536
vn 0.7772 0.5886 0.2225
vn 0.5040 0.8378 0.2100
vn 0.0065 0.9938 0.1109
vn -0.0007 0.9950 0.0998
vn 0.3706 0.9275 0.0498
vn -0.5160 0.6395 0.5699
vn -0.4335 0.8135 0.3878
vn -0.6779 0.5484 0.4896
vn -0.7528 0.3685 0.5454
vn 0.0456 0.9349 0.3520
vn 0.0819 0.8368 0.5414
vn 0.7578 0.6413 0.1203
vn 0.9123 0.3448 0.2208
vn 0.8890 0.4250 0.1702
vn -0.9197 0.1218 -0.3733
vn -0.8267 0.2597 -0.4991
vn 0.2210 -0.6394 -0.7364
vn 0.0410 -0.4818 -0.8753
vn -0.3518 0.9201 0.1724
vn -0.3769 0.9054 0.1954
vn -0.4614 0.5874 -0.6649
vn -0.6938 0.6484 0.3133
vn -0.7002 0.6062 0.3772
vn -0.7886 0.3340 0.5162
vn -0.7844 0.4263 0.4505
vn 0.0343 -0.7024 -0.7110
vn -0.1507 0.7373 -0.6585
vn -0.2852 -0.6495 -0.7049
vn -0.1392 -0.6969 -0.7035
vn -0.3109 -0.5785 -0.7541
vn 0.8168 0.1271 -0.5628
vn -0.9177 -0.2013 -0.3425
vn -0.2840 -0.5395 -0.7926
vn 0.2926 -0.9194 -0.2627
vn 0.5283 -0.7045 -0.4738
vn -0.0153 -0.9896 -0.1428
vn -0.3225 -0.9359 -0.1416
vn -0.7971 -0.3600 -0.4849
vn -0.7337 -0.5808 -0.3525
vn -0.6247 -0.7342 -0.2658
vn 0.5945 -0.5622 -0.5749
vn 0.0961 -0.7847 -0.6124
vn 0.1807 -0.6430 -0.7443
vn -0.0756 -0.8418 -0.5344
vn -0.2918 -0.8302 -0.4750
vn -0.5047 -0.2979 -0.8103
vn -0.4935 -0.4242 -0.7593
vn -0.4798 -0.6976 -0.5321
vn 0.2175 -0.5823 -0.7834
vn -0.0652 -0.4910 -0.8687
vn -0.1044 -0.3322 -0.9374
vn 0.2139 -0.3765 -0.9014
vn -0.1286 -0.4410 -0.8883
vn -0.1673 -0.2090 -0.9635
vn -0.2689 -0.4252 -0.8643
vn -0.2233 -0.1286 -0.9662
vn -0.9726 0.0021 0.2323
vn -0.9605 0.0058 0.2782
vn 0.9581 -0.0085 -0.2862
vn 0.9995 0.0140 -0.0271
vn 0.9990 0.0186 0.0402
vn 0.9942 0.0073 -0.1076
vn -0.9387 0.0111 0.3444
vn -0.9295 0.0131 0.3686
vn 0.9637 -0.0051 -0.2669
vn 0.9266 -0.0139 -0.3758
vn -0.9688 0.0035 0.2478
vn -0.9998 -0.0208 0.0026
vn 0.2258 0.0752 0.9713
vn -0.4137 0.0610 0.9084
vn 0.9736 0.0328 0.2258
vn 0.7396 0.0615 0.6703
vn -0.7628 0.0367 0.6456
vn -0.8832 0.0217 0.4686
vn -0.9585 0.0066 0.2849
vn 0.9593 -0.0056 -0.2823
vn -0.7495 0.6596 -0.0557
vn -0.7272 0.6281 -0.2769
vn 0.9972 0.0104 -0.0738
vn 0.7821 -0.1626 -0.6016
vn -0.5651 0.7220 0.3993
vn -0.6592 0.7007 0.2730
vn 0.7058 0.7033 -0.0848
vn 0.6964 0.7172 -0.0264
vn -0.7074 0.6927 0.1403
vn -0.7055 0.7002 0.1101
vn -0.1686 0.5713 -0.8033
vn -0.1385 0.5767 -0.8052
vn 0.7061 0.6969 -0.1255
vn 0.6845 0.6867 -0.2447
vn -0.6934 0.7068 0.1402
vn -0.6788 0.7090 0.1913
vn -0.4045 0.5497 -0.7309
vn -0.1824 0.6102 -0.7710
vn 0.6594 0.6778 -0.3252
vn 0.6917 0.6656 -0.2802
vn -0.6750 0.7099 0.2010
vn -0.7110 0.6940 0.1137
vn -0.6344 0.5972 -0.4908
vn 0.7046 0.6997 -0.1182
vn 0.7162 0.6918 0.0923
vn -0.3431 0.7017 0.6245
vn 0.6900 0.6724 -0.2677
vn 0.1257 0.5525 -0.8240
vn 0.6048 -0.3436 -0.7184
vn 0.4370 0.6045 -0.6661
vn 0.5511 0.7129 0.4335
vn 0.6029 0.6334 -0.4851
vn 0.1578 0.7228 0.6728
vt 0.776377 0.135861
vt 0.779141 0.136054
vt 0.779098 0.136388
vt 0.776401 0.136215
vt 0.773609 0.143900
vt 0.771125 0.144721
vt 0.771262 0.144336
vt 0.773686 0.143580
vt 0.771125 0.135071
vt 0.773842 0.135387
vt 0.773926 0.135784
vt 0.771275 0.135499
vt 0.779015 0.143251
vt 0.776188 0.143290
vt 0.776205 0.143020
vt 0.778964 0.142981
vt 0.783888 0.144093
vt 0.781482 0.143534
vt 0.781370 0.143239
vt 0.783718 0.143750
vt 0.745400 0.034878
vt 0.756525 0.025449
vt 0.758014 0.026976
vt 0.747133 0.035843
vt 0.787970 0.137121
vt 0.789594 0.138215
vt 0.789293 0.138352
vt 0.787710 0.137352
vt 0.788066 0.143438
vt 0.786002 0.143926
vt 0.785780 0.143595
vt 0.787794 0.143146
vt 0.736994 0.058528
vt 0.736775 0.046189
vt 0.738568 0.046440
vt 0.738565 0.057833
vt 0.784077 0.136064
vt 0.786078 0.136345
vt 0.785865 0.136642
vt 0.783913 0.136388
vt 0.757036 0.069570
vt 0.743606 0.066755
vt 0.744839 0.065316
vt 0.749398 0.066157
vt 0.753441 0.066811
vt 0.757528 0.067549
vt 0.757846 0.067606
vt 0.781565 0.136136
vt 0.781463 0.136459
vt 0.783738 0.063106
vt 0.770460 0.068605
vt 0.770797 0.066497
vt 0.783771 0.061180
vt 0.769123 0.020501
vt 0.770323 0.022193
vt 0.790257 0.140276
vt 0.789936 0.140243
vt 0.789682 0.142081
vt 0.789373 0.141899
vt 0.746937 0.036085
vt 0.744416 0.039204
vt 0.741601 0.042687
vt 0.753908 0.053116
vt 0.755612 0.050523
vt 0.755705 0.050658
vt 0.754053 0.053243
vt 0.745630 0.047097
vt 0.750617 0.045526
vt 0.750818 0.047565
vt 0.749286 0.049239
vt 0.752881 0.056835
vt 0.749613 0.056750
vt 0.751927 0.051234
vt 0.744966 0.065251
vt 0.748652 0.062972
vt 0.749731 0.064447
vt 0.749404 0.066083
vt 0.745527 0.056670
vt 0.741368 0.056617
vt 0.753998 0.049066
vt 0.755372 0.045989
vt 0.758817 0.048337
vt 0.757281 0.064921
vt 0.754540 0.062223
vt 0.755208 0.061998
vt 0.758317 0.064949
vt 0.753325 0.059917
vt 0.751309 0.061429
vt 0.753475 0.059814
vt 0.754436 0.062342
vt 0.752720 0.063566
vt 0.753429 0.066738
vt 0.757097 0.065085
vt 0.753989 0.059657
vt 0.753106 0.056849
vt 0.754493 0.053551
vt 0.753573 0.056883
vt 0.756101 0.051167
vt 0.758960 0.048538
vt 0.759010 0.048520
vt 0.760023 0.048696
vt 0.759926 0.048717
vt 0.756589 0.058336
vt 0.757218 0.059196
vt 0.756523 0.057072
vt 0.756862 0.055555
vt 0.758965 0.054329
vt 0.758925 0.054333
vt 0.757755 0.054655
vt 0.758208 0.059711
vt 0.757540 0.057689
vt 0.757784 0.058052
vt 0.757533 0.057159
vt 0.757668 0.056519
vt 0.758493 0.055998
vt 0.758477 0.056002
vt 0.758017 0.056135
vt 0.758165 0.058281
vt 0.757888 0.057589
vt 0.758082 0.057600
vt 0.758180 0.058289
vt 0.757961 0.057180
vt 0.758120 0.057203
vt 0.758032 0.056623
vt 0.758266 0.056661
vt 0.807784 0.040512
vt 0.816582 0.041332
vt 0.816480 0.042261
vt 0.807694 0.041442
vt 0.775581 0.076398
vt 0.764663 0.072635
vt 0.765292 0.071941
vt 0.776026 0.075521
vt 0.795570 0.075721
vt 0.785797 0.076304
vt 0.785797 0.075340
vt 0.795570 0.074761
vt 0.788633 0.038201
vt 0.797787 0.039504
vt 0.797693 0.040426
vt 0.788576 0.039124
vt 0.815294 0.076411
vt 0.806047 0.075938
vt 0.806082 0.074975
vt 0.815324 0.075449
vt 0.767763 0.040809
vt 0.778331 0.037708
vt 0.778714 0.038584
vt 0.768319 0.041528
vt 0.844740 0.053139
vt 0.846846 0.060112
vt 0.845915 0.060138
vt 0.843943 0.053637
vt 0.845250 0.066444
vt 0.839820 0.071971
vt 0.839268 0.071168
vt 0.844413 0.065975
vt 0.832900 0.044485
vt 0.839649 0.048038
vt 0.839081 0.048812
vt 0.832548 0.045373
vt 0.825661 0.042494
vt 0.825474 0.043416
vt 0.776009 0.076495
vt 0.778735 0.037652
vt 0.824497 0.076495
vt 0.824419 0.075531
vt 0.770253 0.045006
vt 0.763070 0.050629
vt 0.832426 0.075172
vt 0.832149 0.074237
vt 0.757324 0.064952
vt 0.758401 0.064986
vt 0.836425 0.051604
vt 0.830643 0.048695
vt 0.776433 0.071525
vt 0.785227 0.071389
vt 0.824129 0.047068
vt 0.815483 0.046131
vt 0.759098 0.057355
vt 0.759050 0.057756
vt 0.794951 0.070680
vt 0.805615 0.070871
vt 0.806717 0.045311
vt 0.796687 0.044258
vt 0.759482 0.056179
vt 0.759268 0.056802
vt 0.814875 0.071322
vt 0.823528 0.071710
vt 0.787783 0.042842
vt 0.778940 0.042496
vt 0.760521 0.054692
vt 0.830508 0.070645
vt 0.836768 0.068341
vt 0.840832 0.055219
vt 0.767531 0.068509
vt 0.759074 0.058388
vt 0.758239 0.059720
vt 0.759654 0.059688
vt 0.841259 0.064539
vt 0.761492 0.063255
vt 0.842741 0.060187
vt 0.737404 0.087973
vt 0.740129 0.084188
vt 0.745881 0.079908
vt 0.755594 0.076730
vt 0.764789 0.076542
vt 0.773148 0.078022
vt 0.780917 0.079928
vt 0.789447 0.081055
vt 0.796944 0.081786
vt 0.804743 0.082079
vt 0.810888 0.083296
vt 0.816599 0.085930
vt 0.821420 0.089425
vt 0.823090 0.095550
vt 0.820992 0.100696
vt 0.815761 0.104355
vt 0.809305 0.105418
vt 0.802752 0.105544
vt 0.795420 0.103527
vt 0.787859 0.102309
vt 0.779141 0.101980
vt 0.771100 0.103356
vt 0.763329 0.105364
vt 0.753935 0.105544
vt 0.745105 0.103118
vt 0.739631 0.099098
vt 0.737123 0.095725
vt 0.736780 0.093477
vt 0.736775 0.092076
vt 0.737119 0.090129
vt 0.745490 0.047034
vt 0.750616 0.045437
vt 0.741181 0.056609
vt 0.755401 0.045915
vt 0.758863 0.048294
vt 0.757132 0.065135
s 1
usemtl black-line
f 20/1/1 21/2/2 47/3/3 46/4/4
f 9/5/5 10/6/6 36/7/7 35/8/8
f 18/9/9 19/10/10 45/11/11 44/12/12
f 7/13/13 8/14/14 34/15/15 33/16/16
f 5/17/17 6/18/18 32/19/19 31/20/20
f 16/21/21 17/22/22 43/23/23 42/24/24
f 25/25/25 26/26/26 52/27/27 51/28/28
f 2/29/29 1/30/30 27/31/31 28/32/32
f 14/33/33 15/34/34 41/35/35 40/36/36
f 23/37/37 24/38/38 50/39/39 49/40/40
f 1/30/30 5/17/17 31/20/20 27/31/31
f 12/41/41 13/42/42 39/43/43 64/44/44 63/45/45 152/46/46 38/47/47
f 21/2/2 22/48/48 48/49/49 47/3/3
f 10/50/6 11/51/50 37/52/51 36/53/7
f 19/10/10 20/1/1 46/4/4 45/11/11
f 8/14/14 9/5/5 35/8/8 34/15/15
f 17/22/22 18/54/9 44/55/12 43/23/23
f 6/18/18 7/13/13 33/16/16 32/19/19
f 26/26/26 3/56/52 29/57/53 52/27/27
f 4/58/54 2/29/29 28/32/32 30/59/55
f 24/38/38 25/25/25 51/28/28 50/39/39
f 3/56/52 4/58/54 30/59/55 29/57/53
f 13/42/42 14/33/33 40/36/36 39/43/43
f 22/48/48 23/37/37 49/40/40 48/49/49
f 11/51/50 12/41/41 38/47/47 37/52/51
f 15/34/34 16/21/21 42/24/24 147/60/56 76/61/57 70/62/58 41/35/35
usemtl black-line
f 153/63/59 151/64/60 67/65/61 68/66/62
f 160/67/63 162/68/64 79/69/65 69/70/66
f 148/71/67 54/72/68 78/73/69 153/63/59
f 164/74/70 65/75/71 61/76/72 158/77/73
f 160/67/63 69/70/66 53/78/74 155/79/75
f 53/78/74 69/70/66 78/73/69 54/72/68
f 85/80/76 78/73/69 69/70/66 79/69/65
f 162/68/64 163/81/77 85/80/76 79/69/65
f 172/82/78 151/64/60 85/80/76 163/81/77
f 161/83/79 71/84/80 59/85/81 154/86/82
f 148/71/67 149/87/83 62/88/84 54/72/68
f 149/87/83 66/89/85 71/84/80 150/90/86
f 164/74/70 155/79/75 53/78/74 65/75/71
f 60/91/87 61/76/72 65/75/71 62/88/84
f 158/77/73 61/76/72 60/91/87 156/92/88
f 53/78/74 54/72/68 62/88/84 65/75/71
f 173/93/89 156/92/88 60/91/87 150/90/86
f 71/84/80 66/89/85 83/94/90 59/85/81
f 55/95/91 68/66/62 84/96/92 77/97/93
f 68/66/62 67/65/61 82/98/94 84/96/92
f 159/99/95 42/100/24 80/101/96 157/102/97
f 66/89/85 55/95/91 77/97/93 83/94/90
f 59/85/81 83/94/90 74/103/98 58/104/99
f 83/94/90 77/97/93 57/105/100 74/103/98
f 77/97/93 84/96/92 75/106/101 57/105/100
f 157/102/97 80/101/96 56/107/102 166/108/103
f 84/96/92 82/98/94 73/109/104 75/106/101
f 154/86/82 59/85/81 58/104/99 165/110/105
f 58/104/99 74/103/98 91/111/106 88/112/107
f 74/103/98 57/105/100 87/113/108 91/111/106
f 57/105/100 75/106/101 92/114/109 87/113/108
f 166/108/103 56/107/102 86/115/110 168/116/111
f 75/106/101 73/109/104 90/117/112 92/114/109
f 165/110/105 58/104/99 88/112/107 167/118/113
f 167/118/113 169/119/114 95/120/115 89/121/116
f 169/119/114 170/122/117 94/123/118 95/120/115
f 170/122/117 171/124/119 93/125/120 94/123/118
f 171/124/119 168/116/111 86/115/110 93/125/120
f 47/126/3 48/127/49 114/128/121 113/129/122
f 36/130/7 37/131/51 106/132/123 105/133/124
f 34/134/15 35/135/8 104/136/125 103/137/126
f 45/138/11 46/139/4 112/140/127 111/141/128
f 32/142/19 33/143/16 102/144/129 101/145/130
f 43/146/23 44/147/12 110/148/131 109/149/132
f 52/150/27 29/151/53 98/152/133 118/153/134
f 30/154/55 28/155/32 97/156/135 99/157/136
f 50/158/39 51/159/28 117/160/137 116/161/138
f 29/151/53 30/154/55 99/157/136 98/152/133
f 48/127/49 49/162/40 115/163/139 114/128/121
f 42/100/24 43/146/23 109/149/132 80/101/96
f 35/135/8 36/164/7 105/133/124 104/136/125
f 46/139/4 47/126/3 113/129/122 112/140/127
f 33/143/16 34/134/15 103/137/126 102/144/129
f 44/165/12 45/138/11 111/141/128 110/148/131
f 31/166/20 32/142/19 101/145/130 100/167/140
f 80/101/96 109/149/132 137/168/141 119/169/142
f 51/159/28 52/150/27 118/153/134 117/160/137
f 28/155/32 27/170/31 96/171/143 97/156/135
f 49/162/40 50/158/39 116/161/138 115/163/139
f 27/170/31 31/166/20 100/167/140 96/171/143
f 37/131/51 38/172/47 81/173/144 106/132/123
f 116/161/138 117/160/137 145/174/145 144/175/146
f 104/136/125 105/133/124 135/176/147 134/177/148
f 114/128/121 115/163/139 143/178/149 142/179/150
f 95/120/115 94/123/118 124/180/151 125/181/152
f 102/144/129 103/137/126 133/182/153 132/183/154
f 112/140/127 113/129/122 141/184/155 140/185/156
f 93/125/120 86/115/110 121/186/157 123/187/158
f 100/167/140 101/145/130 131/188/159 130/189/160
f 110/148/131 111/141/128 139/190/161 138/191/162
f 86/115/110 56/107/102 108/192/163 121/186/157
f 97/156/135 96/171/143 126/193/164 127/194/165
f 56/107/102 80/101/96 119/169/142 108/192/163
f 96/171/143 100/167/140 130/189/160 126/193/164
f 117/160/137 118/153/134 146/195/166 145/174/145
f 105/133/124 106/132/123 136/196/167 135/176/147
f 115/163/139 116/161/138 144/175/146 143/178/149
f 89/121/116 95/120/115 125/181/152 122/197/168
f 103/137/126 104/136/125 134/177/148 133/182/153
f 113/129/122 114/128/121 142/179/150 141/184/155
f 94/123/118 93/125/120 123/187/158 124/180/151
f 101/145/130 102/144/129 132/183/154 131/188/159
f 111/141/128 112/140/127 140/185/156 139/190/161
f 72/198/169 89/121/116 122/197/168 107/199/170
f 99/157/136 97/156/135 127/194/165 129/200/171
f 106/132/123 81/173/144 120/201/172 136/196/167
f 109/149/132 110/148/131 138/191/162 137/168/141
f 81/173/144 72/198/169 107/199/170 120/201/172
f 98/152/133 99/157/136 129/200/171 128/202/173
f 118/153/134 98/152/133 128/202/173 146/195/166
f 121/203/157 108/204/163 119/205/142 137/206/141 138/207/162 139/208/161 140/209/156 141/210/155 142/211/150 143/212/149 144/213/146 145/214/145 146/215/166 128/216/173 129/217/171 127/218/165 126/219/164 130/220/160 131/221/159 132/222/154 133/223/153 134/224/148 135/225/147 136/226/167 120/227/172 107/228/170 122/229/168 125/230/152 124/231/151 123/232/158
f 78/73/69 85/80/76 151/64/60 153/63/59
f 55/95/91 148/71/67 153/63/59 68/66/62
f 159/99/95 67/65/61 151/64/60 172/82/78
f 55/95/91 66/89/85 149/87/83 148/71/67
f 62/88/84 149/87/83 150/90/86 60/91/87
f 161/83/79 173/93/89 150/90/86 71/84/80
f 41/233/35 70/234/58 162/68/64 160/67/63
f 39/43/43 164/74/70 158/77/73 64/44/44
f 41/233/35 160/67/63 155/79/75 40/235/36
f 70/234/58 76/236/57 163/81/77 162/68/64
f 147/237/56 172/82/78 163/81/77 76/236/57
f 38/172/47 161/83/79 154/86/82 81/173/144
f 39/43/43 40/235/36 155/79/75 164/74/70
f 64/44/44 158/77/73 156/92/88 63/45/45
f 152/238/46 63/45/45 156/92/88 173/93/89
f 67/65/61 159/99/95 157/102/97 82/98/94
f 82/98/94 157/102/97 166/108/103 73/109/104
f 81/173/144 154/86/82 165/110/105 72/198/169
f 73/109/104 166/108/103 168/116/111 90/117/112
f 72/198/169 165/110/105 167/118/113 89/121/116
f 88/112/107 91/111/106 169/119/114 167/118/113
f 91/111/106 87/113/108 170/122/117 169/119/114
f 87/113/108 92/114/109 171/124/119 170/122/117
f 92/114/109 90/117/112 168/116/111 171/124/119
f 42/100/24 159/99/95 172/82/78 147/237/56
f 38/172/47 152/238/46 173/93/89 161/83/79
o Plane.001
v 6.635146 3.934958 10.575143
v 7.173522 3.190391 7.504942
v 2.535142 5.989510 10.367752
v 0.704366 11.035166 -6.154347
v 1.425783 10.211204 -6.596063
v 1.711668 8.951789 -6.613463
v 2.040014 8.212976 -6.104954
v 4.793441 4.730437 1.409357
v 6.178606 4.873647 10.080685
v 4.744480 5.682904 9.932279
v 6.064276 4.800406 7.626598
v 4.342840 5.722199 7.899302
v 2.443568 7.135593 -3.773615
v 3.401688 6.042240 -1.545246
v 5.880486 4.056520 3.953680
v 3.722176 6.559124 4.987552
v 4.905651 5.658806 4.514831
v 2.939192 7.234599 2.609519
v 3.985726 6.428671 2.173490
v 2.064172 8.263450 -0.268499
v 2.807063 7.428280 -0.871089
v -0.525180 3.940016 12.062134
v 1.431549 9.164436 -2.484285
v 2.297082 8.226338 -3.117435
v 0.817255 10.342979 -4.619290
v 1.636863 9.256451 -5.277438
v -1.723017 3.257806 9.576676
v 2.105866 6.496860 8.324508
v 1.521748 7.124664 5.512514
v 1.036922 7.963536 3.224007
v 0.454893 9.195031 0.487973
v -0.020557 10.143632 -1.784972
v -0.803160 11.543579 -5.569960
v -2.368265 11.039086 -5.489756
v -3.098612 10.231511 -5.589373
v -3.217568 8.973445 -5.481407
v -2.921207 8.238736 -4.808984
v -1.306088 4.807769 3.167819
v -0.131572 4.877937 11.502976
v 0.807255 5.648200 10.852517
v -1.000709 4.828909 9.115163
v 0.061648 5.730749 8.791849
v -2.133806 7.171178 -2.291131
v -1.610536 6.113730 0.067018
v -1.701143 4.116661 6.016089
v -0.634253 6.412858 5.925855
v -1.261220 5.708721 6.070707
v -0.791805 7.174130 3.436448
v -1.313902 6.492268 3.532125
v -1.052403 8.497172 0.477871
v -1.458558 7.498085 0.391145
v -0.493750 10.914958 -4.053763
v -1.345870 9.497560 -1.790768
v -1.794903 8.280788 -1.871980
v -1.758544 10.436981 -4.012941
v -2.315488 9.293940 -4.230247
v 6.673234 3.880382 10.375852
v 6.172429 4.868204 9.920943
v 4.719315 5.685888 9.799743
v -0.601727 3.900090 11.896144
v -0.196137 4.876150 11.350254
v 0.761815 5.655039 10.718325
v 2.506603 6.020856 10.234758
v 1.722646 8.917993 -6.603950
v 0.704642 11.013538 -6.099699
v 1.438688 10.180802 -6.553227
v -0.793840 11.520332 -5.516492
v -3.206742 8.948334 -5.457269
v -2.334956 11.026126 -5.441659
v -3.077547 10.200437 -5.541789
v 1.697642 8.998967 -6.623639
v 6.616628 3.972458 10.561202
v 7.132323 3.250647 7.509614
v 5.843868 4.116530 3.974108
v 4.763580 4.792665 1.436370
v 3.377447 6.096595 -1.523556
v 2.438507 7.175252 -3.750715
v 2.029821 8.248911 -6.080558
v 6.653306 3.919129 10.363136
v 1.708979 8.964686 -6.616638
v -3.203577 9.105600 -5.490201
v -0.484344 4.038302 12.002032
v -1.663922 3.418716 9.532590
v -1.651625 4.285399 6.017932
v -1.287060 4.988733 3.203593
v -1.593314 6.260555 0.106065
v -2.099258 7.280394 -2.247248
v -2.873203 8.342777 -4.749795
v -0.559444 4.001625 11.839389
v -3.194919 9.077132 -5.468810
v 6.824480 4.033428 10.584048
v 7.352545 3.307636 7.489975
v 2.536719 6.203721 10.398520
v 0.840424 11.197613 -6.095057
v 1.627228 10.302957 -6.587948
v 1.911932 8.999860 -6.670087
v 2.244778 8.270194 -6.129787
v 4.972969 4.838147 1.366481
v 6.340934 5.026928 10.073219
v 4.817344 5.888012 9.936196
v 6.216369 4.959261 7.617817
v 4.431085 5.918991 7.912806
v 2.645855 7.202133 -3.801643
v 3.590296 6.134071 -1.587152
v 6.055245 4.173002 3.914227
v 3.824366 6.748135 5.012156
v 5.061006 5.812150 4.502503
v 3.053762 7.416748 2.636174
v 4.150437 6.570040 2.155797
v 2.200708 8.429027 -0.243007
v 2.986918 7.550803 -0.886138
v -0.701524 4.046427 12.118724
v 1.578448 9.320254 -2.454851
v 2.487459 8.332074 -3.123668
v 0.963598 10.498714 -4.572072
v 1.830353 9.355570 -5.264577
v -1.918008 3.340531 9.616448
v 2.111795 6.715046 8.367011
v 1.527064 7.341527 5.571490
v 1.051735 8.181750 3.299001
v 0.481340 9.419972 0.572014
v 0.006011 10.370750 -1.700474
v -0.784500 11.751192 -5.479811
v -2.472764 11.197613 -5.374919
v -3.268040 10.302958 -5.470239
v -3.399553 8.999861 -5.372747
v -3.111878 8.270194 -4.716290
v -1.519088 4.838148 3.173099
v -0.281017 5.026928 11.560361
v 0.732024 5.848177 10.896781
v -1.170138 4.959261 9.166394
v -0.033540 5.918991 8.846657
v -2.334926 7.202133 -2.224761
v -1.819535 6.134071 0.108738
v -1.908265 4.173002 6.015277
v -0.746076 6.591002 5.989611
v -1.456470 5.812150 6.104815
v -0.925976 7.338181 3.508327
v -1.520657 6.570041 3.563112
v -1.207890 8.642795 0.557883
v -1.665775 7.550803 0.432884
v -0.468119 11.132608 -3.967231
v -1.503541 9.640905 -1.705108
v -1.994801 8.332074 -1.812218
v -1.904292 10.579475 -3.907816
v -2.495991 9.355570 -4.127729
v 6.858886 3.986139 10.382452
v 6.332818 5.022519 9.913236
v 4.792176 5.890031 9.804360
v -0.780784 4.000434 11.955686
v -0.348341 5.022519 11.406343
v 0.682143 5.852791 10.763204
v 2.509032 6.237037 10.266155
v 1.923803 8.973836 -6.650817
v 0.844817 11.172687 -6.040740
v 1.638864 10.269169 -6.541669
v -0.773217 11.729131 -5.425866
v -3.389292 8.973837 -5.349336
v -2.452490 11.175567 -5.322595
v -3.244897 10.269170 -5.421440
v 1.901657 9.046893 -6.667122
v 6.807027 4.069287 10.565612
v 7.311537 3.367249 7.494589
v 6.019360 4.232165 3.935460
v 4.943281 4.900657 1.394970
v 3.568518 6.185206 -1.561850
v 2.640138 7.242916 -3.777174
v 2.234264 8.309369 -6.099490
v 6.839899 4.023545 10.365516
v 1.913519 9.020589 -6.646878
v -3.386215 9.132014 -5.382636
v -0.658878 4.145865 12.062099
v -1.856783 3.504695 9.573864
v -1.859991 4.339236 6.023845
v -1.500356 5.013787 3.208700
v -1.803941 6.277749 0.141611
v -2.300433 7.316726 -2.182924
v -3.061905 8.380267 -4.653988
v -0.736928 4.104089 11.899975
v -3.374649 9.105204 -5.356647
vn -0.3516 -0.9361 -0.0124
vn -0.4078 -0.9107 -0.0656
vn -0.7109 -0.7014 0.0512
vn -0.7037 -0.7096 0.0355
vn -0.8722 -0.4890 -0.0133
vn -0.7667 -0.0727 0.6378
vn -0.6229 -0.2831 0.7293
vn -0.4647 -0.8778 -0.1161
vn -0.7183 -0.6928 0.0635
vn -0.5388 -0.8346 -0.1148
vn -0.7597 -0.6447 0.0850
vn -0.6329 -0.7652 -0.1176
vn -0.8210 -0.5671 0.0657
vn -0.8204 -0.5435 0.1779
vn -0.8350 -0.5451 0.0754
vn -0.8431 -0.5019 0.1930
vn -0.6814 -0.7197 -0.1332
vn -0.8742 -0.4846 0.0303
vn -0.6584 -0.7217 -0.2135
vn -0.8970 -0.4397 -0.0450
vn -0.8879 -0.4220 0.1829
vn -0.9393 -0.3198 0.1244
vn -0.9555 -0.2805 0.0914
vn -0.6768 -0.0307 0.7355
vn -0.9110 -0.4102 -0.0417
vn -0.6293 -0.7286 -0.2703
vn 0.3761 -0.9033 -0.2063
vn 0.6996 -0.6669 -0.2566
vn 0.7780 -0.5868 -0.2243
vn 0.4396 -0.8623 -0.2516
vn 0.8284 -0.4826 -0.2843
vn 0.8426 -0.3124 0.4387
vn 0.9105 -0.1565 0.3826
vn 0.8596 -0.4845 -0.1623
vn 0.5043 -0.8144 -0.2870
vn 0.9304 -0.3394 -0.1381
vn 0.5917 -0.7396 -0.3206
vn 0.9471 -0.2471 -0.2047
vn 0.6669 -0.6528 -0.3593
vn 0.9660 -0.2575 -0.0242
vn 0.8960 -0.4005 -0.1916
vn 0.9937 -0.1082 -0.0290
vn 0.9230 -0.2576 -0.2859
vn 0.6786 -0.6300 -0.3776
vn 0.8506 -0.2819 -0.4438
vn 0.5889 -0.6618 -0.4639
vn 0.9815 -0.0821 -0.1728
vn 0.9403 -0.1646 -0.2977
vn 0.8800 -0.1696 -0.4437
vn 0.8420 -0.1315 -0.5232
vn 0.7823 -0.2900 -0.5512
vn 0.4838 -0.7025 -0.5219
vn -0.0192 -0.9813 -0.1917
vn -0.0293 -0.9650 -0.2607
vn -0.0540 -0.9454 -0.3215
vn -0.0924 -0.9316 -0.3514
vn -0.1082 -0.9316 -0.3469
vn -0.0993 -0.9228 -0.3724
vn -0.0832 -0.9148 -0.3953
vn -0.0081 -0.9898 -0.1425
vn -0.1990 -0.6742 0.7113
vn 0.5440 -0.6565 0.5226
vn 0.1694 -0.7720 0.6126
vn -0.7775 -0.1905 -0.5994
vn -0.5951 -0.1106 -0.7960
vn -0.5116 -0.1328 -0.8489
vn 0.2476 -0.0975 -0.9639
vn 0.0655 -0.0490 -0.9966
vn 0.0964 -0.0711 -0.9928
vn -0.2105 -0.2222 -0.9520
vn -0.2737 -0.9440 0.1843
vn -0.3793 -0.5952 0.7084
vn -0.2494 -0.9576 -0.1445
vn -0.1070 -0.9942 0.0072
vn -0.3167 -0.9309 -0.1822
vn -0.4240 -0.8794 -0.2164
vn -0.5426 -0.8085 -0.2279
vn -0.5156 -0.7431 -0.4265
vn -0.6486 -0.5748 -0.4989
vn -0.9020 -0.3864 0.1927
vn 0.3547 -0.9316 0.0791
vn 0.5191 -0.6090 0.5998
vn 0.4687 -0.8655 -0.1769
vn 0.2768 -0.9598 -0.0457
vn 0.5981 -0.7668 -0.2329
vn 0.5826 -0.7095 -0.3966
vn 0.5059 -0.7334 -0.4542
vn 0.3519 -0.6963 -0.6256
vn 0.3053 -0.5745 -0.7595
vn 0.1352 -0.3762 -0.9166
vn 0.4082 0.9106 0.0655
vn 0.3520 0.9359 0.0131
vn 0.7037 0.7096 -0.0373
vn 0.7111 0.7012 -0.0513
vn 0.4804 0.5641 0.6716
vn 0.8717 0.4899 0.0116
vn 0.5120 0.6478 0.5641
vn 0.4649 0.8777 0.1163
vn 0.7183 0.6929 -0.0634
vn 0.5391 0.8343 0.1154
vn 0.7598 0.6447 -0.0848
vn 0.6326 0.7654 0.1180
vn 0.8210 0.5672 -0.0654
vn 0.8347 0.5455 -0.0756
vn 0.8202 0.5438 -0.1776
vn 0.8430 0.5022 -0.1927
vn 0.6808 0.7202 0.1334
vn 0.8742 0.4846 -0.0301
vn 0.6587 0.7217 0.2128
vn 0.8968 0.4400 0.0453
vn 0.8873 0.4238 -0.1821
vn 0.9387 0.3216 -0.1239
vn 0.9556 0.2807 -0.0892
vn 0.9552 0.2589 -0.1437
vn 0.9109 0.4085 0.0576
vn 0.6348 0.7246 0.2685
vn -0.7005 0.6657 0.2572
vn -0.3780 0.9024 0.2068
vn -0.4407 0.8617 0.2513
vn -0.7785 0.5856 0.2258
vn -0.8284 0.4825 0.2847
vn -0.2389 0.5606 0.7928
vn -0.2054 0.6221 0.7555
vn -0.5049 0.8139 0.2875
vn -0.8604 0.4829 0.1628
vn -0.5910 0.7402 0.3207
vn -0.9310 0.3377 0.1383
vn -0.6657 0.6539 0.3594
vn -0.9471 0.2471 0.2050
vn -0.9658 0.2579 0.0257
vn -0.8961 0.4000 0.1925
vn -0.9936 0.1093 0.0297
vn -0.6782 0.6306 0.3773
vn -0.9228 0.2583 0.2860
vn -0.5902 0.6609 0.4636
vn -0.8513 0.2814 0.4429
vn -0.9814 0.0825 0.1736
vn -0.9405 0.1641 0.2977
vn -0.8807 0.1683 0.4428
vn -0.7824 0.2926 0.5497
vn -0.8415 0.1310 0.5241
vn -0.5024 0.6872 0.5248
vn 0.0194 0.9813 0.1916
vn 0.0290 0.9649 0.2610
vn 0.0541 0.9452 0.3221
vn 0.0930 0.9314 0.3520
vn 0.1080 0.9317 0.3468
vn 0.0992 0.9230 0.3718
vn 0.0864 0.9137 0.3972
vn 0.0086 0.9895 0.1441
vn 0.3029 0.7044 0.6420
vn -0.0179 0.6894 0.7242
vn 0.1553 0.6614 0.7338
vn 0.5700 0.1199 -0.8128
vn 0.5793 0.5014 -0.6427
vn 0.3689 0.8349 -0.4084
vn -0.8771 0.4210 -0.2313
vn -0.9668 0.0782 -0.2432
vn -0.5469 0.8159 -0.1877
vn -0.0560 0.9678 -0.2453
vn 0.6375 -0.0686 0.7674
vn 0.9451 -0.2373 0.2246
vn 0.9548 -0.2859 -0.0811
vn 0.8974 -0.1865 -0.3998
vn 0.8498 -0.2438 -0.4674
vn 0.8194 -0.2807 -0.4997
vn 0.8087 -0.4033 -0.4282
vn 0.7330 -0.3842 -0.5613
vn 0.6425 -0.1741 -0.7463
vn 0.4500 -0.0947 -0.8880
vn -0.8357 -0.2724 0.4769
vn -0.4271 -0.0394 0.9033
vn -0.8749 -0.4571 -0.1601
vn -0.8747 -0.4404 0.2023
vn -0.7729 -0.5949 -0.2207
vn -0.7984 -0.5869 -0.1342
vn -0.8360 -0.5484 -0.0200
vn -0.8448 -0.5312 -0.0647
vn -0.9096 -0.4126 -0.0492
vn -0.9372 -0.2187 -0.2719
vt 0.851095 0.690730
vt 0.856593 0.690053
vt 0.855547 0.684478
vt 0.849333 0.686354
vt 0.847256 0.683785
vt 0.846746 0.684134
vt 0.848899 0.686488
vt 0.865604 0.689840
vt 0.865346 0.685333
vt 0.873227 0.690134
vt 0.872921 0.686069
vt 0.882619 0.690274
vt 0.882860 0.686560
vt 0.865088 0.679965
vt 0.854220 0.679299
vt 0.873084 0.680471
vt 0.889859 0.690436
vt 0.889947 0.686318
vt 0.897165 0.691123
vt 0.897120 0.686809
vt 0.882940 0.681984
vt 0.890432 0.682807
vt 0.897806 0.682979
vt 0.900179 0.684470
vt 0.901521 0.687392
vt 0.901757 0.690639
vt 0.851251 0.702304
vt 0.849712 0.705869
vt 0.856228 0.707433
vt 0.856999 0.703401
vt 0.848161 0.708415
vt 0.849264 0.705749
vt 0.847699 0.708196
vt 0.865290 0.706253
vt 0.865812 0.703537
vt 0.872966 0.705069
vt 0.873489 0.702560
vt 0.882660 0.704164
vt 0.883048 0.701021
vt 0.864853 0.710471
vt 0.854708 0.711725
vt 0.873132 0.709533
vt 0.889688 0.703845
vt 0.890300 0.700138
vt 0.897236 0.703337
vt 0.897454 0.699577
vt 0.882601 0.707860
vt 0.889991 0.706993
vt 0.897992 0.706734
vt 0.900847 0.705767
vt 0.902215 0.702940
vt 0.902223 0.699854
vt 0.857496 0.696965
vt 0.866145 0.696723
vt 0.873641 0.696502
vt 0.882766 0.696162
vt 0.890040 0.695878
vt 0.897150 0.695602
vt 0.901753 0.695335
vt 0.851768 0.697127
vt 0.850717 0.690776
vt 0.850857 0.702242
vt 0.851374 0.697138
vt 0.900290 0.684597
vt 0.901660 0.687417
vt 0.901915 0.690609
vt 0.900939 0.705721
vt 0.902382 0.702925
vt 0.902382 0.699905
vt 0.901917 0.695321
vt 0.847180 0.683668
vt 0.846670 0.684027
vt 0.865077 0.679759
vt 0.854172 0.679101
vt 0.873086 0.680262
vt 0.882930 0.681804
vt 0.890447 0.682677
vt 0.897827 0.682850
vt 0.900072 0.684336
vt 0.900150 0.684428
vt 0.847981 0.708712
vt 0.847510 0.708482
vt 0.864792 0.710966
vt 0.854538 0.712191
vt 0.873143 0.710060
vt 0.882612 0.708295
vt 0.890032 0.707338
vt 0.898070 0.707087
vt 0.900683 0.706092
vt 0.900780 0.706059
vt 0.929391 0.437586
vt 0.926800 0.412688
vt 0.948182 0.405015
vt 0.955822 0.433498
vt 0.959374 0.393148
vt 0.960793 0.395580
vt 0.947650 0.403016
vt 0.929446 0.478295
vt 0.950867 0.477842
vt 0.927370 0.512709
vt 0.946824 0.512066
vt 0.925911 0.555103
vt 0.943650 0.556835
vt 0.980128 0.427974
vt 0.975856 0.477482
vt 0.972691 0.513633
vt 0.924459 0.587785
vt 0.944112 0.588740
vt 0.920397 0.620631
vt 0.941370 0.620961
vt 0.964856 0.557872
vt 0.960442 0.591363
vt 0.959145 0.624494
vt 0.953253 0.635096
vt 0.938166 0.641051
vt 0.921693 0.641658
vt 0.855125 0.404525
vt 0.872225 0.412073
vt 0.866196 0.437803
vt 0.846845 0.433844
vt 0.843175 0.397045
vt 0.844305 0.394994
vt 0.855778 0.402496
vt 0.864208 0.477601
vt 0.850489 0.475189
vt 0.867308 0.512380
vt 0.854450 0.510046
vt 0.872694 0.555730
vt 0.857016 0.553773
vt 0.830760 0.472893
vt 0.826984 0.426437
vt 0.833503 0.510389
vt 0.875758 0.588650
vt 0.857641 0.585417
vt 0.877535 0.620881
vt 0.859358 0.619203
vt 0.839823 0.552988
vt 0.843163 0.586274
vt 0.843503 0.622217
vt 0.860813 0.641720
vt 0.847564 0.635039
vt 0.876073 0.642262
vt 0.896704 0.440806
vt 0.896725 0.479872
vt 0.896894 0.513654
vt 0.897386 0.554934
vt 0.897768 0.587907
vt 0.898118 0.620082
vt 0.898559 0.640944
vt 0.896746 0.414918
vt 0.926632 0.410975
vt 0.872614 0.410292
vt 0.896727 0.413140
vt 0.953043 0.635497
vt 0.938027 0.641777
vt 0.921745 0.642416
vt 0.860877 0.642521
vt 0.847708 0.635515
vt 0.876016 0.643023
vt 0.898574 0.641699
vt 0.959830 0.392765
vt 0.961302 0.395200
vt 0.981024 0.427779
vt 0.976780 0.477471
vt 0.973645 0.513688
vt 0.965641 0.557908
vt 0.961050 0.591456
vt 0.959775 0.624628
vt 0.953831 0.634885
vt 0.953615 0.635267
vt 0.841825 0.396200
vt 0.843010 0.394146
vt 0.828550 0.472638
vt 0.824848 0.425618
vt 0.831186 0.510381
vt 0.837911 0.552913
vt 0.841538 0.586369
vt 0.841800 0.622536
vt 0.846048 0.634300
vt 0.846202 0.634737
vt 0.936774 0.683306
vt 0.936771 0.682801
vt 0.929778 0.684014
vt 0.929872 0.684526
vt 0.980755 0.695767
vt 0.981233 0.695539
vt 0.979261 0.693127
vt 0.978950 0.693593
vt 0.975846 0.692532
vt 0.976056 0.691894
vt 0.975913 0.691840
vt 0.975680 0.692473
vt 0.975552 0.692422
vt 0.975811 0.691800
vt 0.973383 0.691038
vt 0.973268 0.691578
vt 0.966982 0.690467
vt 0.966888 0.690997
vt 0.945625 0.684911
vt 0.945742 0.684401
vt 0.929280 0.684665
vt 0.929171 0.684137
vt 0.926559 0.684781
vt 0.926821 0.685212
vt 0.924033 0.687748
vt 0.924468 0.687987
vt 0.922523 0.692937
vt 0.923035 0.693000
vt 0.952291 0.686802
vt 0.952437 0.686301
vt 0.960525 0.689249
vt 0.960670 0.688739
vt 0.927005 0.702572
vt 0.926957 0.703208
vt 0.933639 0.704904
vt 0.933683 0.704360
vt 0.977510 0.704385
vt 0.977636 0.704904
vt 0.980093 0.703480
vt 0.979715 0.703117
vt 0.974412 0.704244
vt 0.974310 0.704821
vt 0.974686 0.704852
vt 0.974737 0.704274
vt 0.971845 0.703637
vt 0.971737 0.704170
vt 0.974205 0.704805
vt 0.974295 0.704221
vt 0.964791 0.702637
vt 0.964731 0.703168
vt 0.942807 0.704330
vt 0.942730 0.703793
vt 0.924704 0.700541
vt 0.924236 0.700859
vt 0.926105 0.702973
vt 0.926437 0.702555
vt 0.923151 0.697382
vt 0.922635 0.697517
vt 0.949940 0.702652
vt 0.949876 0.702121
vt 0.958247 0.702583
vt 0.958268 0.702052
vt 0.982084 0.699789
vt 0.981552 0.699710
vt 0.929279 0.684113
vt 0.929406 0.684640
vt 0.926578 0.702741
vt 0.926421 0.703154
s 1
usemtl black-line
f 232/239/174 185/240/175 184/241/176 231/242/177
f 252/243/178 245/244/179 182/245/180 231/242/177
f 185/240/175 189/246/181 190/247/182 184/241/176
f 189/246/181 191/248/183 192/249/184 190/247/182
f 191/248/183 193/250/185 194/251/186 192/249/184
f 247/252/187 246/253/188 184/241/176 190/247/182
f 248/254/189 247/252/187 190/247/182 192/249/184
f 193/250/185 196/255/190 197/256/191 194/251/186
f 196/255/190 198/257/192 199/258/193 197/256/191
f 249/259/194 248/254/189 192/249/184 194/251/186
f 250/260/195 249/259/194 194/251/186 197/256/191
f 251/261/196 250/260/195 197/256/191 199/258/193
f 253/262/197 251/261/196 199/258/193 239/263/198
f 238/264/199 239/263/198 199/258/193 198/257/192
f 235/265/200 234/266/201 214/267/202 215/268/203
f 262/269/204 234/266/201 212/270/205 255/271/206
f 215/268/203 214/267/202 220/272/207 219/273/208
f 219/273/208 220/272/207 222/274/209 221/275/210
f 221/275/210 222/274/209 224/276/211 223/277/212
f 257/278/213 220/272/207 214/267/202 256/279/214
f 258/280/215 222/274/209 220/272/207 257/278/213
f 223/277/212 224/276/211 227/281/216 226/282/217
f 226/282/217 227/281/216 229/283/218 228/284/219
f 259/285/220 224/276/211 222/274/209 258/280/215
f 260/286/221 227/281/216 224/276/211 259/285/220
f 261/287/222 229/283/218 227/281/216 260/286/221
f 263/288/223 243/289/224 229/283/218 261/287/222
f 242/290/225 228/284/219 229/283/218 243/289/224
f 201/291/226 215/268/203 219/273/208 202/292/227
f 202/292/227 219/273/208 221/275/210 203/293/228
f 203/293/228 221/275/210 223/277/212 204/294/229
f 204/294/229 223/277/212 226/282/217 205/295/230
f 205/295/230 226/282/217 228/284/219 225/296/231
f 240/297/232 225/296/231 228/284/219 242/290/225
f 236/298/233 201/291/226 185/240/175 232/239/174
f 201/291/226 202/292/227 189/246/181 185/240/175
f 202/292/227 203/293/228 191/248/183 189/246/181
f 203/293/228 204/294/229 193/250/185 191/248/183
f 204/294/229 205/295/230 196/255/190 193/250/185
f 205/295/230 225/296/231 198/257/192 196/255/190
f 240/297/232 238/264/199 198/257/192 225/296/231
f 236/298/233 235/265/200 215/268/203 201/291/226
f 183/299/234 232/239/174 231/242/177 182/245/180
f 246/253/188 252/243/178 231/242/177 184/241/176
f 213/300/235 212/270/205 234/266/201 235/265/200
f 256/279/214 214/267/202 234/266/201 262/269/204
f 176/301/236 236/298/233 232/239/174 183/299/234
f 176/301/236 213/300/235 235/265/200 236/298/233
f 244/302/237 253/262/197 239/263/198 178/303/238
f 177/304/239 178/303/238 239/263/198 238/264/199
f 254/305/240 208/306/241 243/289/224 263/288/223
f 207/307/242 242/290/225 243/289/224 208/306/241
f 206/308/243 240/297/232 242/290/225 207/307/242
f 206/308/243 177/304/239 238/264/199 240/297/232
f 230/309/244 174/310/245 245/244/179 252/243/178
f 188/311/246 175/312/247 246/253/188 247/252/187
f 181/313/248 188/311/246 247/252/187 248/254/189
f 187/314/249 181/313/248 248/254/189 249/259/194
f 186/315/250 187/314/249 249/259/194 250/260/195
f 180/316/251 186/315/250 250/260/195 251/261/196
f 237/317/252 180/316/251 251/261/196 253/262/197
f 175/312/247 230/309/244 252/243/178 246/253/188
f 179/318/253 237/317/252 253/262/197 244/302/237
f 233/319/254 262/269/204 255/271/206 195/320/255
f 218/321/256 257/278/213 256/279/214 200/322/257
f 211/323/258 258/280/215 257/278/213 218/321/256
f 217/324/259 259/285/220 258/280/215 211/323/258
f 216/325/260 260/286/221 259/285/220 217/324/259
f 210/326/261 261/287/222 260/286/221 216/325/260
f 241/327/262 263/288/223 261/287/222 210/326/261
f 200/322/257 256/279/214 262/269/204 233/319/254
f 209/328/263 254/305/240 263/288/223 241/327/262
f 275/329/264 322/330/265 321/331/266 274/332/267
f 335/333/268 342/334/269 321/331/266 272/335/270
f 279/336/271 275/329/264 274/332/267 280/337/272
f 281/338/273 279/336/271 280/337/272 282/339/274
f 283/340/275 281/338/273 282/339/274 284/341/276
f 336/342/277 337/343/278 280/337/272 274/332/267
f 337/343/278 338/344/279 282/339/274 280/337/272
f 286/345/280 283/340/275 284/341/276 287/346/281
f 288/347/282 286/345/280 287/346/281 289/348/283
f 338/344/279 339/349/284 284/341/276 282/339/274
f 339/349/284 340/350/285 287/346/281 284/341/276
f 340/350/285 341/351/286 289/348/283 287/346/281
f 341/351/286 343/352/287 329/353/288 289/348/283
f 329/353/288 328/354/289 288/347/282 289/348/283
f 324/355/290 325/356/291 305/357/292 304/358/293
f 324/355/290 352/359/294 345/360/295 302/361/296
f 304/358/293 305/357/292 309/362/297 310/363/298
f 310/363/298 309/362/297 311/364/299 312/365/300
f 312/365/300 311/364/299 313/366/301 314/367/302
f 310/363/298 347/368/303 346/369/304 304/358/293
f 312/365/300 348/370/305 347/368/303 310/363/298
f 314/367/302 313/366/301 316/371/306 317/372/307
f 317/372/307 316/371/306 318/373/308 319/374/309
f 314/367/302 349/375/310 348/370/305 312/365/300
f 317/372/307 350/376/311 349/375/310 314/367/302
f 319/374/309 351/377/312 350/376/311 317/372/307
f 333/378/313 353/379/314 351/377/312 319/374/309
f 318/373/308 332/380/315 333/378/313 319/374/309
f 305/357/292 291/381/316 292/382/317 309/362/297
f 309/362/297 292/382/317 293/383/318 311/364/299
f 311/364/299 293/383/318 294/384/319 313/366/301
f 313/366/301 294/384/319 295/385/320 316/371/306
f 316/371/306 295/385/320 315/386/321 318/373/308
f 315/386/321 330/387/322 332/380/315 318/373/308
f 291/381/316 326/388/323 322/330/265 275/329/264
f 292/382/317 291/381/316 275/329/264 279/336/271
f 293/383/318 292/382/317 279/336/271 281/338/273
f 294/384/319 293/383/318 281/338/273 283/340/275
f 295/385/320 294/384/319 283/340/275 286/345/280
f 315/386/321 295/385/320 286/345/280 288/347/282
f 328/354/289 330/387/322 315/386/321 288/347/282
f 325/356/291 326/388/323 291/381/316 305/357/292
f 322/330/265 273/389/324 272/335/270 321/331/266
f 342/334/269 336/342/277 274/332/267 321/331/266
f 302/361/296 303/390/325 325/356/291 324/355/290
f 304/358/293 346/369/304 352/359/294 324/355/290
f 326/388/323 266/391/326 273/389/324 322/330/265
f 303/390/325 266/391/326 326/388/323 325/356/291
f 343/352/287 334/392/327 268/393/328 329/353/288
f 268/393/328 267/394/329 328/354/289 329/353/288
f 298/395/330 344/396/331 353/379/314 333/378/313
f 332/380/315 297/397/332 298/395/330 333/378/313
f 330/387/322 296/398/333 297/397/332 332/380/315
f 267/394/329 296/398/333 330/387/322 328/354/289
f 264/399/334 320/400/335 342/334/269 335/333/268
f 265/401/336 278/402/337 337/343/278 336/342/277
f 278/402/337 271/403/338 338/344/279 337/343/278
f 271/403/338 277/404/339 339/349/284 338/344/279
f 277/404/339 276/405/340 340/350/285 339/349/284
f 276/405/340 270/406/341 341/351/286 340/350/285
f 270/406/341 327/407/342 343/352/287 341/351/286
f 320/400/335 265/401/336 336/342/277 342/334/269
f 327/407/342 269/408/343 334/392/327 343/352/287
f 352/359/294 323/409/344 285/410/345 345/360/295
f 347/368/303 308/411/346 290/412/347 346/369/304
f 348/370/305 301/413/348 308/411/346 347/368/303
f 349/375/310 307/414/349 301/413/348 348/370/305
f 350/376/311 306/415/350 307/414/349 349/375/310
f 351/377/312 300/416/351 306/415/350 350/376/311
f 353/379/314 331/417/352 300/416/351 351/377/312
f 346/369/304 290/412/347 323/409/344 352/359/294
f 344/396/331 299/418/353 331/417/352 353/379/314
f 175/419/247 265/420/336 320/421/335 230/422/244
f 177/423/239 267/424/329 268/425/328 178/426/238
f 244/427/237 334/428/327 269/429/343 179/430/253
f 237/431/252 327/432/342 270/433/341 180/434/251
f 180/434/251 270/433/341 276/435/340 186/436/250
f 188/437/246 278/438/337 265/420/336 175/419/247
f 245/439/179 335/440/268 272/441/270 182/442/180
f 182/442/180 272/441/270 273/443/324 183/444/234
f 183/444/234 273/443/324 266/445/326 176/446/236
f 181/447/248 271/448/338 278/438/337 188/437/246
f 187/449/249 277/450/339 271/448/338 181/447/248
f 186/436/250 276/435/340 277/450/339 187/449/249
f 233/451/254 323/452/344 290/453/347 200/454/257
f 208/455/241 298/456/330 297/457/332 207/458/242
f 209/459/263 299/460/353 344/461/331 254/462/240
f 210/463/261 300/464/351 331/465/352 241/466/262
f 216/467/260 306/468/350 300/464/351 210/463/261
f 200/454/257 290/453/347 308/469/346 218/470/256
f 212/471/205 302/472/296 345/473/295 255/474/206
f 213/475/235 303/476/325 302/472/296 212/471/205
f 218/470/256 308/469/346 301/477/348 211/478/258
f 211/478/258 301/477/348 307/479/349 217/480/259
f 217/480/259 307/479/349 306/468/350 216/467/260
f 207/458/242 297/457/332 296/481/333 206/482/243
f 206/482/243 296/481/333 267/424/329 177/423/239
f 176/446/236 266/445/326 303/476/325 213/475/235
f 230/422/244 320/421/335 264/483/334 174/484/245
f 195/485/255 285/486/345 323/452/344 233/451/254
f 179/430/253 269/429/343 327/432/342 237/431/252
f 241/466/262 331/465/352 299/460/353 209/459/263
f 178/426/238 268/425/328 334/428/327 244/427/237
f 174/484/245 264/483/334 335/440/268 245/439/179
f 254/462/240 344/461/331 298/456/330 208/455/241
f 255/474/206 345/473/295 285/486/345 195/485/255
o Plane.002
v -4.726765 2.719367 -8.365835
v -4.738046 2.734607 -10.465100
v -2.436868 2.761365 -13.170375
v -3.884114 2.753506 -12.272449
v -4.411474 2.709609 -6.270254
v -3.360653 2.686813 -4.024311
v -2.535236 2.665240 -1.612528
v -1.934203 2.672180 1.244086
v -1.941688 2.810956 3.964020
v -2.165202 2.916079 6.574356
v -1.718868 3.329410 9.555566
v -0.513220 4.021978 12.035336
v 6.621480 3.996481 10.559052
v 7.143975 3.284348 7.492206
v 6.709698 2.916038 4.564885
v 5.777636 2.835469 1.956838
v 4.729500 2.733379 -0.462955
v 3.888087 2.731469 -3.185318
v 3.234358 2.730175 -5.589161
v 2.709644 2.732372 -8.098414
v 1.987092 2.739293 -9.994790
v 0.841023 2.752041 -11.669369
v -0.497149 2.769115 -12.979881
v -4.557586 4.544928 -8.859099
v -4.713464 4.758438 -10.989346
v -2.507700 4.875288 -13.666434
v -3.879910 4.841862 -12.788525
v -4.085291 4.449606 -6.096096
v -2.986662 4.598896 -4.170332
v -1.813980 4.042174 -2.296704
v -1.221825 3.921061 0.559891
v -1.668458 4.251452 3.372202
v -2.034886 4.222600 6.009311
v -1.441406 4.485847 8.987201
v -0.415366 5.025559 11.244184
v 6.212537 4.979668 9.883857
v 6.633524 4.426134 7.098670
v 6.254034 4.189053 4.124901
v 5.353526 4.233843 1.499196
v 4.364246 4.255081 -0.928946
v 3.553402 4.380256 -3.655124
v 3.008823 4.608195 -5.615386
v 2.546477 4.479839 -7.819262
v 1.722616 4.584552 -10.390757
v 0.648685 4.781180 -12.154897
v -0.560326 4.858905 -13.480548
v -4.274404 5.984160 -8.553211
v -4.373260 6.198399 -10.800470
v -2.437021 6.740589 -13.333839
v -3.613627 6.591382 -12.513091
v -3.835228 7.147706 -4.907344
v -3.071481 8.075356 -3.093792
v -2.555915 7.855594 -0.976151
v -1.979093 7.417565 2.066751
v -1.721056 6.922031 3.659459
v -1.627027 5.891017 6.153461
v -1.029216 5.593754 8.289460
v -0.103556 5.690796 10.396865
v 5.752287 5.253004 9.429011
v 5.478179 5.522520 6.619836
v 5.033195 5.830497 4.782055
v 4.454178 6.588811 2.428960
v 3.507317 7.381149 -0.031615
v 2.851106 8.043790 -2.327947
v 2.513361 8.113757 -4.393752
v 2.661609 7.042525 -6.611558
v 1.559883 6.004548 -10.000910
v 0.442773 6.215373 -11.847492
v -0.689721 6.604706 -13.119119
v -4.192897 6.851744 -8.307460
v -4.415068 7.749235 -10.339018
v -2.198069 8.783384 -12.251199
v -3.501428 8.398517 -11.529418
v -3.599888 8.225965 -5.085185
v -1.723533 10.753582 -3.475584
v -0.950003 9.775562 -0.645656
v -0.406880 8.613692 2.293093
v -0.275295 7.802109 3.704559
v 0.156104 7.015975 5.850529
v 0.531156 6.611786 7.715106
v 0.691959 6.281660 8.950648
v 4.136194 6.294909 8.198898
v 3.852088 6.778642 7.024448
v 3.481026 7.173862 5.329258
v 3.027866 7.898705 3.188012
v 2.338278 8.503622 0.805782
v 1.645009 9.587486 -1.483580
v 1.478007 10.362584 -4.014355
v 2.489600 7.769400 -6.831267
v 1.609007 6.868963 -9.749701
v 0.640830 7.768693 -11.439292
v -0.401726 8.409176 -12.168362
v -4.487349 1.689204 -8.140448
v -4.519929 1.696704 -10.235149
v -2.352227 1.702323 -12.915821
v -3.722734 1.702328 -12.033177
v -4.164866 1.679646 -6.047623
v -3.137046 1.671868 -3.787634
v -2.330925 1.675247 -1.374226
v -1.737089 1.683404 1.470797
v -1.716226 1.797928 4.178869
v -1.903694 1.895577 6.788715
v -1.449116 2.313267 9.765856
v -0.276644 3.009437 12.247935
v 6.518848 2.986359 10.844131
v 6.989060 2.272585 7.791063
v 6.548952 1.901988 4.869566
v 5.633869 1.813968 2.258377
v 4.608380 1.704644 -0.166135
v 3.778121 1.699196 -2.889533
v 3.130358 1.695873 -5.294825
v 2.605917 1.697193 -7.803123
v 1.900386 1.702592 -9.700074
v 0.789837 1.704353 -11.382939
v -0.498613 1.712318 -12.705786
v 1.527881 10.254057 -4.029418
v 2.498115 7.751133 -6.817397
v -1.007532 9.676794 -0.661317
v -0.470896 8.553807 2.282285
v -3.608279 8.178572 -5.072302
v -1.787666 10.619006 -3.449345
v 2.394611 8.449533 0.766126
v 1.702766 9.512692 -1.518184
v -4.423879 7.691786 -10.357120
v -4.202635 6.826525 -8.313941
v 3.556040 7.108664 5.305157
v 3.096879 7.835314 3.151235
v 4.209912 6.244580 8.267960
v 3.930705 6.717689 7.008018
v 0.641589 7.708875 -11.458723
v -0.414629 8.331491 -12.214627
v 0.066715 6.959766 5.864589
v 0.455331 6.560765 7.747425
v 1.613065 6.849091 -9.760155
v -0.339204 7.755463 3.700542
v -3.508231 8.320924 -11.576864
v -2.208665 8.686931 -12.302161
v 0.658082 6.252696 9.026781
v -4.929361 2.709830 -8.346164
v -4.940903 2.709830 -10.502350
v -2.485318 2.709830 -13.370079
v -4.041223 2.709830 -12.404060
v -4.608158 2.709831 -6.210244
v -3.547296 2.709831 -3.939738
v -2.733700 2.709831 -1.550751
v -2.145032 2.709831 1.263594
v -2.148195 2.814905 3.949769
v -2.371571 2.910917 6.583605
v -1.918008 3.340531 9.616448
v -0.701524 4.046427 12.118724
v 6.824480 4.033428 10.584048
v 7.352545 3.307636 7.489975
v 6.911388 2.921539 4.516445
v 5.969007 2.830153 1.883935
v 4.921139 2.725079 -0.532551
v 4.083333 2.725079 -3.241377
v 3.431653 2.725079 -5.636637
v 2.905063 2.725078 -8.154197
v 2.170060 2.725078 -10.083396
v 0.998804 2.725078 -11.793163
v -0.403369 2.725078 -13.166225
v -4.756502 4.569624 -8.839688
v -4.916523 4.777532 -11.032979
v -2.558206 4.873350 -13.878327
v -4.040568 4.847277 -12.928245
v -4.278431 4.457625 -6.025559
v -3.173635 4.613128 -4.081125
v -2.019919 4.074010 -2.233723
v -1.431761 3.954446 0.578187
v -1.869954 4.270496 3.357497
v -2.234355 4.261121 6.022673
v -1.622241 4.563057 9.037897
v -0.584805 5.117765 11.304678
v 6.376906 5.103169 9.887446
v 6.806224 4.537817 7.086326
v 6.435168 4.276843 4.084383
v 5.537367 4.300710 1.441113
v 4.551186 4.303005 -0.990460
v 3.744942 4.420394 -3.703393
v 3.204790 4.638013 -5.651563
v 2.742056 4.503323 -7.863841
v 1.902445 4.605478 -10.482600
v 0.810416 4.794737 -12.278599
v -0.463767 4.862562 -13.676992
v -4.474190 6.004314 -8.535594
v -4.577159 6.228858 -10.830827
v -2.485627 6.814202 -13.531341
v -3.764149 6.649319 -12.645885
v -4.031432 7.172050 -4.844686
v -3.267105 8.107397 -3.014571
v -2.764094 7.899845 -0.907410
v -2.197273 7.486077 2.120496
v -1.928532 7.020115 3.703439
v -1.812055 6.007258 6.199820
v -1.181787 5.729509 8.342799
v -0.233834 5.843796 10.447104
v 5.875451 5.412307 9.434232
v 5.612054 5.673720 6.614899
v 5.185792 5.964705 4.770336
v 4.619047 6.710354 2.404989
v 3.680942 7.491360 -0.058774
v 3.033856 8.137539 -2.346892
v 2.706769 8.177820 -4.412592
v 2.858541 7.083329 -6.647413
v 1.741287 6.029817 -10.087069
v 0.606572 6.246063 -11.962826
v -0.599714 6.664352 -13.304889
v -4.388072 6.894763 -8.282653
v -4.618476 7.804447 -10.370592
v -2.242895 8.887546 -12.432453
v -3.644221 8.479809 -11.652705
v -3.786921 8.294796 -5.042957
v -1.890651 10.838805 -3.403512
v -1.109848 9.873483 -0.572656
v -0.546871 8.735845 2.373009
v -0.386563 7.948368 3.787347
v 0.058861 7.179252 5.916869
v 0.446660 6.785621 7.770885
v 0.617375 6.459599 9.006579
v 4.243551 6.459925 8.238874
v 3.971174 6.939898 7.048436
v 3.614428 7.323707 5.342875
v 3.165528 8.045158 3.196741
v 2.484382 8.642193 0.811517
v 1.810761 9.701439 -1.467865
v 1.657911 10.453406 -4.010992
v 2.674897 7.842349 -6.873764
v 1.787896 6.920265 -9.825864
v 0.802839 7.821652 -11.552287
v -0.313693 8.492188 -12.340160
v -4.683765 1.647745 -8.124614
v -4.715270 1.647745 -10.276623
v -2.398490 1.647746 -13.115319
v -3.874532 1.647746 -12.166005
v -4.356857 1.647745 -5.989885
v -3.322614 1.647746 -3.713812
v -2.523278 1.647746 -1.321843
v -1.934611 1.647746 1.492503
v -1.912105 1.752820 4.173308
v -2.100306 1.848832 6.799788
v -1.638529 2.278446 9.830912
v -0.453531 2.984342 12.339774
v 6.715991 2.971343 10.879663
v 7.190666 2.245550 7.796757
v 6.741296 1.859454 4.824944
v 5.816711 1.768068 2.188712
v 4.793485 1.662994 -0.232928
v 3.968000 1.662994 -2.944331
v 3.323165 1.662994 -5.341022
v 2.796575 1.662993 -7.858582
v 2.076630 1.662993 -9.790932
v 0.942336 1.662993 -11.508430
v -0.409184 1.662993 -12.892088
v 1.707519 10.345778 -4.029986
v 2.689835 7.806448 -6.864366
v -1.161418 9.788667 -0.593888
v -0.605670 8.685266 2.356858
v -3.798486 8.241693 -5.033579
v -1.955754 10.709617 -3.385116
v 2.540976 8.587762 0.770355
v 1.868611 9.627471 -1.509441
v -4.629984 7.729926 -10.389544
v -4.402056 6.852646 -8.292543
v 3.688749 7.259429 5.315795
v 3.234276 7.982027 3.159293
v 4.320735 6.410375 8.295412
v 4.048783 6.880013 7.027931
v 0.805786 7.747131 -11.574263
v -0.317534 8.405736 -12.387815
v -0.029628 7.123818 5.930252
v 0.369639 6.735670 7.797935
v 1.796744 6.878149 -9.840528
v -0.448419 7.904463 3.781062
v -3.659743 8.393231 -11.697618
v -2.254375 8.789482 -12.484426
v 0.577115 6.430473 9.074712
vn -0.7715 0.1351 0.6218
vn -0.8926 0.0743 0.4447
vn -0.8923 -0.1060 0.4387
vn -0.7918 -0.0713 0.6065
vn 0.9984 0.0344 -0.0446
vn 0.9974 0.0233 0.0680
vn 0.9928 -0.0944 0.0739
vn 0.9849 -0.1704 -0.0317
vn -0.9592 0.0313 0.2810
vn -0.9726 0.0227 0.2314
vn -0.9736 -0.1374 0.1821
vn -0.9600 -0.1191 0.2533
vn 0.9910 -0.1158 -0.0674
vn 0.9381 -0.1823 -0.2945
vn 0.9383 -0.1283 -0.3213
vn 0.9859 -0.1422 -0.0885
vn 0.9049 -0.0796 -0.4182
vn 0.9596 0.0027 -0.2815
vn 0.9525 -0.0826 -0.2930
vn 0.8976 -0.0227 -0.4401
vn -0.9609 0.0289 0.2754
vn -0.9390 0.0425 0.3413
vn -0.9291 -0.2283 0.2910
vn -0.9530 -0.1861 0.2389
vn 0.9947 0.0473 -0.0912
vn 0.9735 0.1225 0.1930
vn 0.9749 -0.0915 0.2029
vn 0.9881 -0.1213 -0.0948
vn -0.9338 0.0301 0.3567
vn -0.9714 -0.0219 0.2365
vn -0.8877 -0.4090 0.2113
vn -0.9049 -0.2981 0.3037
vn -0.9935 -0.1131 0.0121
vn -0.7582 0.1979 0.6212
vn -0.7957 0.0030 0.6057
vn -0.8397 -0.5391 0.0657
vn -0.4274 0.2063 0.8802
vn -0.4373 -0.0135 0.8992
vn 0.9559 -0.0555 -0.2885
vn 0.8987 -0.3690 -0.2368
vn 0.7415 0.2063 0.6384
vn 0.7494 -0.0245 0.6617
vn 0.2255 0.2428 0.9435
vn 0.2321 0.0124 0.9726
vn 0.8897 0.2573 0.3771
vn 0.9505 0.0828 0.2994
vn -0.9023 -0.1242 0.4127
vn -0.7939 -0.1688 0.5842
vn 0.8669 -0.4540 -0.2058
vn 0.8234 -0.5296 -0.2036
vn -0.9377 -0.3351 0.0923
vn -0.9703 -0.1641 0.1775
vn 0.9299 -0.1948 -0.3121
vn 0.9172 -0.3224 -0.2339
vn 0.9541 -0.0771 -0.2895
vn 0.9151 -0.1972 -0.3517
vn -0.8368 -0.5327 0.1264
vn -0.8920 -0.4420 0.0947
vn 0.9683 -0.1667 0.1861
vn 0.9911 -0.0939 -0.0946
vn -0.7376 -0.6730 0.0542
vn -0.7936 -0.5998 0.1024
vn -0.7692 -0.3232 0.5513
vn -0.6640 -0.7473 0.0254
vn -0.4248 -0.2788 0.8613
vn 0.7151 -0.6540 -0.2470
vn 0.7284 -0.2777 0.6263
vn 0.2264 -0.3361 0.9142
vn 0.9509 -0.1498 0.2707
vn -0.8904 -0.4552 0.0070
vn -0.8951 0.3898 -0.2165
vn -0.9473 0.2870 -0.1424
vn -0.9383 -0.2921 0.1853
vn 0.7701 -0.5393 -0.3408
vn 0.9649 0.2209 -0.1420
vn 0.9905 0.0781 -0.1128
vn 0.6579 -0.6542 -0.3730
vn 0.9305 -0.3152 -0.1865
vn 0.7379 0.2511 -0.6265
vn 0.7222 0.4231 -0.5471
vn 0.8298 -0.4420 -0.3407
vn -0.7212 -0.6926 -0.0159
vn -0.9619 -0.0610 0.2666
vn -0.9628 0.1520 0.2235
vn -0.8158 -0.5765 -0.0465
vn 0.9706 -0.1757 0.1647
vn 0.7213 0.5120 0.4664
vn 0.9135 0.3909 -0.1127
vn 0.9866 -0.1261 -0.1039
vn -0.6612 -0.7481 -0.0556
vn -0.9773 -0.1217 0.1736
vn -0.9727 -0.0507 0.2266
vn -0.6826 -0.7298 -0.0379
vn -0.7474 -0.4108 0.5221
vn -0.8973 -0.2920 0.3310
vn -0.9729 -0.1526 0.1739
vn -0.5935 -0.8005 -0.0836
vn -0.7987 -0.1747 0.5758
vn -0.4685 0.4632 0.7523
vn -0.1420 0.4165 0.8980
vn -0.4311 -0.3597 0.8275
vn 0.4762 -0.8184 -0.3218
vn 0.9383 -0.2306 -0.2577
vn 0.9365 -0.2711 -0.2225
vn 0.4325 -0.8643 -0.2570
vn -0.8337 0.3901 0.3908
vn -0.9098 -0.1249 0.3958
vn 0.9659 -0.1493 -0.2117
vn 0.5278 -0.7529 -0.3932
vn 0.7132 -0.3633 0.5995
vn 0.4991 0.3789 0.7793
vn 0.2111 -0.4821 0.8503
vn 0.1960 0.4038 0.8936
vn 0.9370 -0.3492 0.0033
vn 0.8700 -0.4314 0.2387
vn 0.8080 -0.5680 0.1567
vn 0.6261 -0.5662 0.5361
vn -0.7846 -0.5405 0.3038
vn -0.7810 -0.5345 0.3229
vn 0.1852 -0.5840 0.7904
vn -0.7805 -0.5788 0.2362
vn -0.7587 -0.6424 0.1085
vn -0.3528 -0.6055 0.7134
vn 0.8800 -0.3273 0.3443
vn 0.7846 -0.6088 -0.1172
vn -0.6429 -0.5645 0.5178
vn -0.7277 -0.5820 0.3629
vn 0.8245 -0.5657 0.0140
vn 0.8505 -0.5232 0.0544
vn -0.7759 -0.5923 0.2172
vn -0.7960 -0.5734 0.1941
vn 0.8296 -0.5546 -0.0654
vn 0.7824 -0.5883 -0.2043
vn 0.7453 -0.6008 -0.2892
vn 0.7470 -0.6201 -0.2398
vn -0.7933 -0.5632 0.2312
vn 0.8236 -0.5623 -0.0739
vn -0.7228 -0.3632 0.5879
vn 0.8928 -0.0743 -0.4444
vn 0.7718 -0.1354 -0.6213
vn 0.7917 0.0715 -0.6067
vn 0.8923 0.1061 -0.4388
vn -0.9975 -0.0222 -0.0669
vn -0.9984 -0.0342 0.0445
vn -0.9849 0.1700 0.0340
vn -0.9930 0.0948 -0.0706
vn 0.9726 -0.0229 -0.2314
vn 0.9592 -0.0315 -0.2809
vn 0.9601 0.1187 -0.2533
vn 0.9738 0.1370 -0.1818
vn -0.9382 0.1839 0.2933
vn -0.9907 0.1176 0.0677
vn -0.9856 0.1424 0.0907
vn -0.9388 0.1279 0.3198
vn -0.9597 -0.0029 0.2811
vn -0.9058 0.0789 0.4163
vn -0.8988 0.0232 0.4377
vn -0.9527 0.0823 0.2925
vn 0.9390 -0.0423 -0.3412
vn 0.9609 -0.0290 -0.2755
vn 0.9531 0.1861 -0.2387
vn 0.9290 0.2284 -0.2912
vn -0.9736 -0.1228 -0.1922
vn -0.9947 -0.0475 0.0914
vn -0.9882 0.1207 0.0946
vn -0.9748 0.0918 -0.2035
vn 0.9714 0.0218 -0.2366
vn 0.9337 -0.0296 -0.3568
vn 0.9048 0.2989 -0.3034
vn 0.8878 0.4093 -0.2106
vn 0.5835 0.3696 0.7231
vn 0.9936 0.1125 -0.0120
vn 0.8402 0.5383 -0.0654
vn 0.3857 0.7270 0.5681
vn 0.4282 -0.2063 -0.8798
vn 0.4373 0.0134 -0.8992
vn -0.9559 0.0549 0.2885
vn -0.8993 0.3664 0.2387
vn -0.7423 -0.2063 -0.6375
vn -0.7495 0.0247 -0.6615
vn -0.2260 -0.2425 -0.9435
vn -0.2321 -0.0129 -0.9726
vn -0.3603 0.3466 0.8661
vn -0.2606 0.6661 0.6989
vn 0.7935 0.1687 -0.5847
vn 0.9023 0.1240 -0.4128
vn -0.8238 0.5278 0.2068
vn -0.8667 0.4539 0.2068
vn 0.9704 0.1641 -0.1772
vn 0.9377 0.3348 -0.0932
vn -0.9183 0.3210 0.2317
vn -0.9305 0.1951 0.3100
vn -0.9157 0.1974 0.3499
vn -0.9543 0.0785 0.2885
vn 0.8918 0.4423 -0.0949
vn 0.8367 0.5329 -0.1266
vn -0.9911 0.0933 0.0946
vn -0.9685 0.1659 -0.1858
vn 0.7935 0.5998 -0.1027
vn 0.7378 0.6729 -0.0543
vn 0.6641 0.7472 -0.0254
vn 0.1307 0.8099 0.5719
vn 0.4235 0.2791 -0.8619
vn -0.7150 0.6532 0.2490
vn -0.7276 0.2778 -0.6273
vn -0.2264 0.3366 -0.9140
vn -0.0438 0.7907 0.6106
vn 0.1714 0.9715 -0.1639
vn 0.8916 0.4527 -0.0061
vn 0.9353 0.2893 -0.2037
vn 0.5033 0.7575 -0.4158
vn -0.1310 0.9201 0.3691
vn -0.7711 0.5383 0.3399
vn -0.6605 0.6531 0.3704
vn 0.0328 0.9031 0.4281
vn -0.6619 0.7256 -0.1884
vn -0.9318 0.3150 0.1802
vn -0.8305 0.4407 0.3408
vn -0.2567 0.9592 -0.1188
vn 0.0713 0.9466 0.3144
vn 0.7213 0.6925 0.0157
vn 0.8168 0.5750 0.0463
vn 0.1478 0.9304 0.3354
vn -0.6403 0.7567 0.1317
vn -0.9717 0.1752 -0.1585
vn -0.9863 0.1286 0.1032
vn -0.6391 0.7648 0.0808
vn -0.0501 0.9581 0.2820
vn 0.6614 0.7480 0.0555
vn 0.6828 0.7296 0.0376
vn 0.0139 0.9603 0.2785
vn -0.2077 0.7680 0.6058
vn 0.0374 0.7466 0.6642
vn 0.5947 0.7998 0.0821
vn -0.1286 0.9391 0.3185
vn 0.6318 0.7673 -0.1095
vn 0.8011 0.1809 -0.5705
vn 0.4415 0.3597 -0.8220
vn 0.4032 0.8621 -0.3070
vn 0.2666 0.9388 0.2179
vn -0.4772 0.8180 0.3211
vn -0.4342 0.8635 0.2565
vn 0.3368 0.9272 0.1637
vn 0.9091 0.1335 -0.3946
vn 0.5907 0.7808 -0.2037
vn -0.5293 0.7523 0.3923
vn 0.1662 0.9063 0.3886
vn -0.4773 0.8706 -0.1195
vn -0.7188 0.3601 -0.5947
vn -0.0961 0.9417 -0.3224
vn -0.2121 0.4795 -0.8515
vn 0.2624 0.8057 0.5310
vn 0.4690 0.7976 0.3793
vn -0.5747 -0.8115 -0.1055
vn -0.4462 -0.8104 -0.3798
vn 0.4970 -0.8515 -0.1674
vn 0.5155 -0.8405 -0.1667
vn -0.1292 -0.7998 -0.5862
vn 0.5652 -0.8223 -0.0653
vn 0.6321 -0.7602 0.1500
vn 0.2862 -0.7837 -0.5513
vn -0.1336 -0.4758 0.8694
vn -0.5273 -0.7832 0.3295
vn 0.4458 -0.8199 -0.3592
vn 0.5294 -0.8069 -0.2619
vn -0.5481 -0.8305 0.0992
vn -0.5208 -0.8536 0.0104
vn 0.5758 -0.8019 -0.1594
vn 0.5540 -0.8214 -0.1358
vn -0.5299 -0.8454 0.0666
vn -0.5643 -0.8121 0.1484
vn -0.5563 -0.8028 0.2144
vn -0.5950 -0.7791 0.1973
vn 0.5391 -0.8275 -0.1569
vn -0.5666 -0.8224 0.0518
vn 0.4034 -0.4590 0.7916
vt 0.514689 0.248005
vt 0.468481 0.246409
vt 0.477297 0.288071
vt 0.524073 0.294373
vt 0.490327 0.458171
vt 0.435897 0.456580
vt 0.423559 0.487616
vt 0.479250 0.485227
vt 0.423702 0.245074
vt 0.367801 0.244290
vt 0.368767 0.285654
vt 0.417938 0.283767
vt 0.377816 0.453744
vt 0.316080 0.453295
vt 0.307568 0.487213
vt 0.364911 0.483719
vt 0.261238 0.455597
vt 0.206557 0.457273
vt 0.213430 0.496638
vt 0.262419 0.498588
vt 0.313871 0.243462
vt 0.252578 0.241721
vt 0.263410 0.275179
vt 0.324790 0.279651
vt 0.159142 0.458681
vt 0.110881 0.460629
vt 0.100218 0.506825
vt 0.149881 0.501203
vt 0.196685 0.241890
vt 0.139617 0.241935
vt 0.150250 0.269006
vt 0.207740 0.271998
vt 0.080252 0.249436
vt 0.017984 0.268955
vt 0.033110 0.291049
vt 0.089621 0.274041
vt 0.558192 0.250285
vt 0.563312 0.298181
vt 0.551154 0.465461
vt 0.541403 0.490264
vt 0.063990 0.461768
vt 0.055444 0.510858
vt 0.022073 0.459661
vt 0.016619 0.513777
vt 0.608356 0.301662
vt 0.605447 0.248092
vt 0.607061 0.480550
vt 0.592075 0.502962
vt 0.468709 0.320594
vt 0.520216 0.328492
vt 0.431015 0.544557
vt 0.482989 0.520698
vt 0.344397 0.362966
vt 0.390923 0.338653
vt 0.331558 0.567895
vt 0.397023 0.555825
vt 0.242204 0.555312
vt 0.284746 0.573696
vt 0.247938 0.346105
vt 0.299219 0.361369
vt 0.103757 0.542193
vt 0.159492 0.534746
vt 0.141391 0.312415
vt 0.192684 0.326434
vt 0.043318 0.301621
vt 0.102246 0.305437
vt 0.560168 0.337755
vt 0.529447 0.515862
vt 0.058251 0.552315
vt 0.024072 0.560133
vt 0.600675 0.347043
vt 0.577128 0.520857
vt 0.339897 0.413563
vt 0.339716 0.416080
vt 0.396364 0.355031
vt 0.395540 0.353965
vt 0.347753 0.615684
vt 0.348376 0.618022
vt 0.411790 0.594996
vt 0.411193 0.593241
vt 0.240985 0.578160
vt 0.240698 0.579584
vt 0.286515 0.636896
vt 0.286545 0.633774
vt 0.234476 0.380592
vt 0.233806 0.382323
vt 0.284786 0.404540
vt 0.285346 0.402492
vt 0.114836 0.578892
vt 0.115272 0.580377
vt 0.167717 0.555510
vt 0.167388 0.554355
vt 0.134809 0.354280
vt 0.134525 0.356412
vt 0.181503 0.368700
vt 0.182054 0.366647
vt 0.070414 0.338416
vt 0.071976 0.340197
vt 0.097926 0.348793
vt 0.098066 0.346680
vt 0.509579 0.364207
vt 0.509164 0.365721
vt 0.539958 0.382521
vt 0.540933 0.380497
vt 0.488235 0.562612
vt 0.488544 0.564814
vt 0.528157 0.556423
vt 0.528308 0.554412
vt 0.460738 0.340628
vt 0.461140 0.339605
vt 0.441957 0.578741
vt 0.441468 0.577154
vt 0.077592 0.596641
vt 0.078565 0.598712
vt 0.042718 0.612896
vt 0.043699 0.615470
vt 0.581063 0.401386
vt 0.582030 0.398867
vt 0.553829 0.548797
vt 0.555086 0.547464
vt 0.114653 0.435294
vt 0.066508 0.435315
vt 0.248247 0.219108
vt 0.192491 0.219626
vt 0.025540 0.432281
vt 0.134405 0.220280
vt 0.073193 0.228816
vt 0.601308 0.221430
vt 0.555366 0.224322
vt 0.613451 0.459596
vt 0.557000 0.444418
vt 0.510982 0.222836
vt 0.463913 0.222309
vt 0.494814 0.436318
vt 0.440118 0.434546
vt 0.418419 0.221872
vt 0.362400 0.221448
vt 0.382990 0.432472
vt 0.321753 0.432273
vt 0.267318 0.433193
vt 0.212482 0.434051
vt 0.308919 0.220836
vt 0.164290 0.434243
vt 0.010231 0.248435
vt 0.165033 0.675820
vt 0.117784 0.678052
vt 0.109404 0.725342
vt 0.156578 0.718551
vt 0.189485 0.026177
vt 0.134423 0.026918
vt 0.145081 0.055069
vt 0.201465 0.057770
vt 0.267821 0.672013
vt 0.211075 0.673802
vt 0.217890 0.713531
vt 0.268064 0.714550
vt 0.307979 0.025298
vt 0.247008 0.024775
vt 0.259538 0.054921
vt 0.316105 0.059137
vt 0.417896 0.029825
vt 0.362457 0.027910
vt 0.360603 0.070831
vt 0.410290 0.069350
vt 0.382990 0.667285
vt 0.321890 0.670144
vt 0.311834 0.707736
vt 0.372936 0.702195
vt 0.515506 0.033894
vt 0.466218 0.031633
vt 0.475036 0.074877
vt 0.525630 0.080836
vt 0.496477 0.665916
vt 0.438865 0.666598
vt 0.428626 0.698413
vt 0.486391 0.694873
vt 0.619958 0.691439
vt 0.556866 0.672770
vt 0.547626 0.699404
vt 0.604735 0.715787
vt 0.072440 0.681051
vt 0.068475 0.729818
vt 0.072324 0.033759
vt 0.081878 0.060140
vt 0.564410 0.035332
vt 0.572228 0.085191
vt 0.609083 0.033664
vt 0.613668 0.088683
vt 0.021994 0.679923
vt 0.020571 0.734557
vt 0.015604 0.048387
vt 0.030633 0.072568
vt 0.114017 0.759448
vt 0.165275 0.751186
vt 0.140164 0.092184
vt 0.191964 0.116293
vt 0.247529 0.769297
vt 0.295052 0.792400
vt 0.225643 0.127388
vt 0.290666 0.139995
vt 0.337182 0.146379
vt 0.380606 0.128467
vt 0.339865 0.790159
vt 0.390437 0.774135
vt 0.465452 0.108103
vt 0.521424 0.116020
vt 0.445271 0.753793
vt 0.496491 0.739268
vt 0.535593 0.732146
vt 0.594681 0.727666
vt 0.072533 0.770095
vt 0.093328 0.087299
vt 0.568881 0.127288
vt 0.605284 0.136230
vt 0.029681 0.781110
vt 0.045342 0.092217
vt 0.301558 0.845088
vt 0.301214 0.842639
vt 0.243244 0.785447
vt 0.242845 0.786769
vt 0.272735 0.191333
vt 0.273466 0.189335
vt 0.210028 0.166660
vt 0.209329 0.168172
vt 0.381979 0.154132
vt 0.381837 0.152593
vt 0.334562 0.207793
vt 0.334373 0.210793
vt 0.405842 0.810903
vt 0.405118 0.809179
vt 0.355018 0.831060
vt 0.355760 0.833080
vt 0.509650 0.154064
vt 0.510117 0.152186
vt 0.457621 0.127765
vt 0.457264 0.129049
vt 0.504591 0.783678
vt 0.504206 0.781572
vt 0.457193 0.794615
vt 0.457793 0.796648
vt 0.567344 0.767087
vt 0.568613 0.765214
vt 0.540956 0.773762
vt 0.541219 0.775848
vt 0.125622 0.796325
vt 0.125165 0.794497
vt 0.092723 0.811923
vt 0.093580 0.814147
vt 0.132914 0.138156
vt 0.133265 0.135985
vt 0.093479 0.127536
vt 0.093487 0.129531
vt 0.172704 0.770373
vt 0.173020 0.771567
vt 0.179636 0.150757
vt 0.179093 0.152259
vt 0.548184 0.173265
vt 0.549009 0.170972
vt 0.584965 0.191345
vt 0.585971 0.188771
vt 0.049547 0.832463
vt 0.050592 0.834956
vt 0.066773 0.120302
vt 0.067809 0.121718
vt 0.512272 0.008093
vt 0.562458 0.008798
vt 0.386923 0.643835
vt 0.442663 0.643379
vt 0.606197 0.006393
vt 0.501351 0.643165
vt 0.563755 0.651018
vt 0.025400 0.653231
vt 0.074484 0.655010
vt 0.009232 0.026274
vt 0.066603 0.011651
vt 0.120802 0.652469
vt 0.169035 0.650871
vt 0.130157 0.004076
vt 0.185362 0.002971
vt 0.215946 0.649625
vt 0.272838 0.648249
vt 0.242054 0.001793
vt 0.302782 0.002595
vt 0.356924 0.004309
vt 0.412309 0.005760
vt 0.326436 0.646681
vt 0.461507 0.006432
vt 0.627617 0.669732
vt 0.570569 0.793155
vt 0.569381 0.792600
vt 0.567770 0.800977
vt 0.569066 0.800963
vt 0.560565 0.822287
vt 0.559726 0.822645
vt 0.562709 0.827959
vt 0.563400 0.827327
vt 0.569225 0.805432
vt 0.570467 0.805165
vt 0.559513 0.817336
vt 0.558586 0.817457
vt 0.610492 0.788326
vt 0.610024 0.788263
vt 0.608646 0.796542
vt 0.609123 0.796542
vt 0.616679 0.778759
vt 0.616642 0.778258
vt 0.613097 0.779852
vt 0.613383 0.780241
vt 0.610817 0.783098
vt 0.610357 0.782902
vt 0.609926 0.804806
vt 0.610389 0.804723
vt 0.611311 0.811903
vt 0.611774 0.811822
vt 0.612431 0.819315
vt 0.612897 0.819232
vt 0.613164 0.823044
vt 0.613630 0.822977
vt 0.613770 0.828399
vt 0.614239 0.828374
vt 0.613761 0.832915
vt 0.614230 0.832913
vt 0.613797 0.835924
vt 0.614266 0.835921
vt 0.588927 0.826926
vt 0.589263 0.826995
vt 0.589737 0.824805
vt 0.589396 0.824753
vt 0.590014 0.821771
vt 0.589674 0.821726
vt 0.590682 0.817886
vt 0.590341 0.817846
vt 0.590959 0.813537
vt 0.590618 0.813494
vt 0.591807 0.809173
vt 0.591472 0.809090
vt 0.593074 0.804816
vt 0.592738 0.804739
vt 0.594067 0.798043
vt 0.593719 0.798044
vt 0.593177 0.792619
vt 0.592840 0.792684
vt 0.592485 0.788956
vt 0.592160 0.789084
vt 0.591116 0.786748
vt 0.590879 0.787017
vt 0.588052 0.785359
vt 0.588025 0.785723
vt 0.573264 0.818508
vt 0.574505 0.818241
vt 0.560406 0.809473
vt 0.559500 0.809462
vt 0.559458 0.809840
vt 0.560365 0.809869
vt 0.621748 0.792377
vt 0.622210 0.792490
vt 0.622720 0.787456
vt 0.622249 0.787441
vt 0.620070 0.778390
vt 0.620431 0.778059
vt 0.616942 0.775883
vt 0.616831 0.776367
vt 0.622554 0.782415
vt 0.622087 0.782535
vt 0.619637 0.797795
vt 0.620084 0.797945
vt 0.618059 0.803539
vt 0.618519 0.803638
vt 0.617024 0.810262
vt 0.617495 0.810289
vt 0.617247 0.816600
vt 0.617716 0.816562
vt 0.617941 0.822685
vt 0.618415 0.822686
vt 0.617050 0.829737
vt 0.617507 0.829867
vt 0.614322 0.835768
vt 0.614749 0.835964
vt 0.586012 0.822223
vt 0.585692 0.822361
vt 0.588598 0.827009
vt 0.588888 0.826825
vt 0.584750 0.817285
vt 0.584408 0.817336
vt 0.584523 0.812556
vt 0.584180 0.812561
vt 0.584574 0.808053
vt 0.584231 0.808065
vt 0.584174 0.803207
vt 0.583832 0.803240
vt 0.583688 0.798983
vt 0.583348 0.799031
vt 0.582947 0.794674
vt 0.582604 0.794706
vt 0.582871 0.791223
vt 0.582528 0.791190
vt 0.583556 0.787854
vt 0.583228 0.787751
vt 0.584742 0.784937
vt 0.584472 0.784697
vt 0.587502 0.783356
vt 0.587434 0.783001
vt 0.566872 0.830764
vt 0.567368 0.830006
vt 0.574709 0.787951
vt 0.573737 0.787139
vt 0.573464 0.819157
vt 0.574709 0.818923
s 1
usemtl black-line
f 375/487/354 374/488/355 397/489/356 398/490/357
f 363/491/358 362/492/359 385/493/360 386/494/361
f 373/495/362 372/496/363 395/497/364 396/498/365
f 361/499/366 360/500/367 383/501/368 384/502/369
f 359/503/370 358/504/371 381/505/372 382/506/373
f 371/507/374 370/508/375 393/509/376 394/510/377
f 354/511/378 355/512/379 378/513/380 377/514/381
f 369/515/382 368/516/383 391/517/384 392/518/385
f 358/504/371 354/511/378 377/514/381 381/505/372
f 367/519/386 366/520/387 389/521/388 390/522/389
f 376/523/390 375/487/354 398/490/357 399/524/391
f 364/525/392 363/491/358 386/494/361 387/526/393
f 374/488/355 373/495/362 396/498/365 397/489/356
f 362/492/359 361/499/366 384/502/369 385/493/360
f 372/496/363 371/507/374 394/510/377 395/497/364
f 360/500/367 359/503/370 382/506/373 383/501/368
f 355/512/379 357/527/394 380/528/395 378/513/380
f 370/508/375 369/515/382 392/518/385 393/509/376
f 357/527/394 356/529/396 379/530/397 380/528/395
f 368/516/383 367/519/386 390/522/389 391/517/384
f 376/523/390 399/524/391 379/531/397 356/532/396
f 365/533/398 364/525/392 387/526/393 388/534/399
f 398/490/357 397/489/356 420/535/400 421/536/401
f 386/494/361 385/493/360 408/537/402 409/538/403
f 396/498/365 395/497/364 418/539/404 419/540/405
f 384/502/369 383/501/368 406/541/406 407/542/407
f 382/506/373 381/505/372 404/543/408 405/544/409
f 394/510/377 393/509/376 416/545/410 417/546/411
f 377/514/381 378/513/380 401/547/412 400/548/413
f 392/518/385 391/517/384 414/549/414 415/550/415
f 381/505/372 377/514/381 400/548/413 404/543/408
f 390/522/389 389/521/388 412/551/416 413/552/417
f 399/524/391 398/490/357 421/536/401 422/553/418
f 387/526/393 386/494/361 409/538/403 410/554/419
f 397/489/356 396/498/365 419/540/405 420/535/400
f 385/493/360 384/502/369 407/542/407 408/537/402
f 395/497/364 394/510/377 417/546/411 418/539/404
f 383/501/368 382/506/373 405/544/409 406/541/406
f 378/513/380 380/528/395 403/555/420 401/547/412
f 393/509/376 392/518/385 415/550/415 416/545/410
f 380/528/395 379/530/397 402/556/421 403/555/420
f 391/517/384 390/522/389 413/552/417 414/549/414
f 399/524/391 422/553/418 402/557/421 379/531/397
f 388/534/399 387/526/393 410/554/419 411/558/422
f 469/559/423 441/560/424 442/561/425 470/562/426
f 471/563/427 429/564/428 430/565/429 472/566/430
f 473/567/431 427/568/432 428/569/433 474/570/434
f 475/571/435 439/572/436 440/573/437 476/574/438
f 477/575/439 424/576/440 423/577/441 478/578/442
f 479/579/443 437/580/444 438/581/445 480/582/446
f 478/578/442 423/577/441 427/568/432 473/567/431
f 481/583/447 435/584/448 436/585/449 482/586/450
f 483/587/451 444/588/452 445/589/453 484/590/454
f 485/591/455 432/592/456 433/593/457 486/594/458
f 470/562/426 442/561/425 443/595/459 487/596/460
f 472/566/430 430/565/429 431/597/461 488/598/462
f 476/574/438 440/573/437 441/560/424 469/559/423
f 474/570/434 428/569/433 429/564/428 471/563/427
f 489/599/463 426/600/464 424/576/440 477/575/439
f 480/582/446 438/581/445 439/572/436 475/571/435
f 490/601/465 425/602/466 426/600/464 489/599/463
f 482/586/450 436/585/449 437/580/444 479/579/443
f 484/590/454 445/589/453 425/603/466 490/604/465
f 486/594/458 433/593/457 434/605/467 491/606/468
f 487/596/460 443/595/459 444/588/452 483/587/451
f 488/598/462 431/597/461 432/592/456 485/591/455
f 355/512/379 447/607/469 449/608/470 357/527/394
f 370/508/375 462/609/471 461/610/472 369/515/382
f 357/527/394 449/608/470 448/611/473 356/529/396
f 368/516/383 460/612/474 459/613/475 367/519/386
f 356/532/396 448/614/473 468/615/476 376/523/390
f 365/533/398 457/616/477 456/617/478 364/525/392
f 375/487/354 467/618/479 466/619/480 374/488/355
f 363/491/358 455/620/481 454/621/482 362/492/359
f 373/495/362 465/622/483 464/623/484 372/496/363
f 361/499/366 453/624/485 452/625/486 360/500/367
f 359/503/370 451/626/487 450/627/488 358/504/371
f 371/507/374 463/628/489 462/609/471 370/508/375
f 354/511/378 446/629/490 447/607/469 355/512/379
f 369/515/382 461/610/472 460/612/474 368/516/383
f 358/504/371 450/627/488 446/629/490 354/511/378
f 367/519/386 459/613/475 458/630/491 366/520/387
f 376/523/390 468/615/476 467/618/479 375/487/354
f 364/525/392 456/617/478 455/620/481 363/491/358
f 374/488/355 466/619/480 465/622/483 373/495/362
f 362/492/359 454/621/482 453/624/485 361/499/366
f 372/496/363 464/623/484 463/628/489 371/507/374
f 360/500/367 452/625/486 451/626/487 359/503/370
f 418/539/404 469/559/423 470/562/426 419/540/405
f 406/541/406 471/563/427 472/566/430 407/542/407
f 404/543/408 473/567/431 474/570/434 405/544/409
f 416/545/410 475/571/435 476/574/438 417/546/411
f 401/547/412 477/575/439 478/578/442 400/548/413
f 414/549/414 479/579/443 480/582/446 415/550/415
f 400/548/413 478/578/442 473/567/431 404/543/408
f 412/551/416 481/583/447 482/586/450 413/552/417
f 421/536/401 483/587/451 484/590/454 422/553/418
f 409/538/403 485/591/455 486/594/458 410/554/419
f 419/540/405 470/562/426 487/596/460 420/535/400
f 407/542/407 472/566/430 488/598/462 408/537/402
f 417/546/411 476/574/438 469/559/423 418/539/404
f 405/544/409 474/570/434 471/563/427 406/541/406
f 403/555/420 489/599/463 477/575/439 401/547/412
f 415/550/415 480/582/446 475/571/435 416/545/410
f 402/556/421 490/601/465 489/599/463 403/555/420
f 413/552/417 482/586/450 479/579/443 414/549/414
f 422/553/418 484/590/454 490/604/465 402/557/421
f 410/554/419 486/594/458 491/606/468 411/558/422
f 420/535/400 487/596/460 483/587/451 421/536/401
f 408/537/402 488/598/462 485/591/455 409/538/403
f 512/631/492 513/632/493 536/633/494 535/634/495
f 500/635/496 501/636/497 524/637/498 523/638/499
f 510/639/500 511/640/501 534/641/502 533/642/503
f 498/643/504 499/644/505 522/645/506 521/646/507
f 496/647/508 497/648/509 520/649/510 519/650/511
f 508/651/512 509/652/513 532/653/514 531/654/515
f 493/655/516 492/656/517 515/657/518 516/658/519
f 506/659/520 507/660/521 530/661/522 529/662/523
f 492/656/517 496/647/508 519/650/511 515/657/518
f 504/663/524 505/664/525 528/665/526 527/666/527
f 513/632/493 514/667/528 537/668/529 536/633/494
f 501/636/497 502/669/530 525/670/531 524/637/498
f 511/640/501 512/631/492 535/634/495 534/641/502
f 499/644/505 500/635/496 523/638/499 522/645/506
f 509/652/513 510/639/500 533/642/503 532/653/514
f 497/648/509 498/643/504 521/646/507 520/649/510
f 495/671/532 493/655/516 516/658/519 518/672/533
f 507/660/521 508/651/512 531/654/515 530/661/522
f 494/673/534 495/671/532 518/672/533 517/674/535
f 505/664/525 506/659/520 529/662/523 528/665/526
f 537/668/529 514/667/528 494/675/534 517/676/535
f 502/669/530 503/677/536 526/678/537 525/670/531
f 535/634/495 536/633/494 559/679/538 558/680/539
f 523/638/499 524/637/498 547/681/540 546/682/541
f 533/642/503 534/641/502 557/683/542 556/684/543
f 521/646/507 522/645/506 545/685/544 544/686/545
f 519/650/511 520/649/510 543/687/546 542/688/547
f 531/654/515 532/653/514 555/689/548 554/690/549
f 516/658/519 515/657/518 538/691/550 539/692/551
f 529/662/523 530/661/522 553/693/552 552/694/553
f 515/657/518 519/650/511 542/688/547 538/691/550
f 527/666/527 528/665/526 551/695/554 550/696/555
f 536/633/494 537/668/529 560/697/556 559/679/538
f 524/637/498 525/670/531 548/698/557 547/681/540
f 534/641/502 535/634/495 558/680/539 557/683/542
f 522/645/506 523/638/499 546/682/541 545/685/544
f 532/653/514 533/642/503 556/684/543 555/689/548
f 520/649/510 521/646/507 544/686/545 543/687/546
f 518/672/533 516/658/519 539/692/551 541/699/558
f 530/661/522 531/654/515 554/690/549 553/693/552
f 517/674/535 518/672/533 541/699/558 540/700/559
f 528/665/526 529/662/523 552/694/553 551/695/554
f 560/697/556 537/668/529 517/676/535 540/701/559
f 525/670/531 526/678/537 549/702/560 548/698/557
f 579/703/561 607/704/562 608/705/563 580/706/564
f 567/707/565 609/708/566 610/709/567 568/710/568
f 565/711/569 611/712/570 612/713/571 566/714/572
f 577/715/573 613/716/574 614/717/575 578/718/576
f 562/719/577 615/720/578 616/721/579 561/722/580
f 575/723/581 617/724/582 618/725/583 576/726/584
f 561/722/580 616/721/579 611/712/570 565/711/569
f 573/727/585 619/728/586 620/729/587 574/730/588
f 582/731/589 621/732/590 622/733/591 583/734/592
f 570/735/593 623/736/594 624/737/595 571/738/596
f 580/706/564 608/705/563 625/739/597 581/740/598
f 568/710/568 610/709/567 626/741/599 569/742/600
f 578/718/576 614/717/575 607/704/562 579/703/561
f 566/714/572 612/713/571 609/708/566 567/707/565
f 564/743/601 627/744/602 615/720/578 562/719/577
f 576/726/584 618/725/583 613/716/574 577/715/573
f 563/745/603 628/746/604 627/744/602 564/743/601
f 574/730/588 620/729/587 617/724/582 575/723/581
f 583/734/592 622/733/591 628/747/604 563/748/603
f 571/738/596 624/737/595 629/749/605 572/750/606
f 581/740/598 625/739/597 621/732/590 582/731/589
f 569/742/600 626/741/599 623/736/594 570/735/593
f 585/751/607 493/655/516 495/671/532 587/752/608
f 600/753/609 508/651/512 507/660/521 599/754/610
f 587/752/608 495/671/532 494/673/534 586/755/611
f 598/756/612 506/659/520 505/664/525 597/757/613
f 586/758/611 494/675/534 514/667/528 606/759/614
f 595/760/615 503/677/536 502/669/530 594/761/616
f 605/762/617 513/632/493 512/631/492 604/763/618
f 593/764/619 501/636/497 500/635/496 592/765/620
f 603/766/621 511/640/501 510/639/500 602/767/622
f 591/768/623 499/644/505 498/643/504 590/769/624
f 589/770/625 497/648/509 496/647/508 588/771/626
f 601/772/627 509/652/513 508/651/512 600/753/609
f 584/773/628 492/656/517 493/655/516 585/751/607
f 599/754/610 507/660/521 506/659/520 598/756/612
f 588/771/626 496/647/508 492/656/517 584/773/628
f 597/757/613 505/664/525 504/663/524 596/774/629
f 606/759/614 514/667/528 513/632/493 605/762/617
f 594/761/616 502/669/530 501/636/497 593/764/619
f 604/763/618 512/631/492 511/640/501 603/766/621
f 592/765/620 500/635/496 499/644/505 591/768/623
f 602/767/622 510/639/500 509/652/513 601/772/627
f 590/769/624 498/643/504 497/648/509 589/770/625
f 607/704/562 556/684/543 557/683/542 608/705/563
f 609/708/566 544/686/545 545/685/544 610/709/567
f 611/712/570 542/688/547 543/687/546 612/713/571
f 613/716/574 554/690/549 555/689/548 614/717/575
f 615/720/578 539/692/551 538/691/550 616/721/579
f 617/724/582 552/694/553 553/693/552 618/725/583
f 616/721/579 538/691/550 542/688/547 611/712/570
f 619/728/586 550/696/555 551/695/554 620/729/587
f 621/732/590 559/679/538 560/697/556 622/733/591
f 623/736/594 547/681/540 548/698/557 624/737/595
f 608/705/563 557/683/542 558/680/539 625/739/597
f 610/709/567 545/685/544 546/682/541 626/741/599
f 614/717/575 555/689/548 556/684/543 607/704/562
f 612/713/571 543/687/546 544/686/545 609/708/566
f 627/744/602 541/699/558 539/692/551 615/720/578
f 618/725/583 553/693/552 554/690/549 613/716/574
f 628/746/604 540/700/559 541/699/558 627/744/602
f 620/729/587 551/695/554 552/694/553 617/724/582
f 622/733/591 560/697/556 540/701/559 628/747/604
f 624/737/595 548/698/557 549/702/560 629/749/605
f 625/739/597 558/680/539 559/679/538 621/732/590
f 626/741/599 546/682/541 547/681/540 623/736/594
f 366/775/387 504/776/524 527/777/527 389/778/388
f 388/779/399 526/780/537 503/781/536 365/782/398
f 389/778/388 527/777/527 550/783/555 412/784/416
f 411/785/422 549/786/560 526/780/537 388/779/399
f 423/787/441 561/788/580 565/789/569 427/790/432
f 425/791/466 563/792/603 564/793/601 426/794/464
f 424/795/440 562/796/577 561/788/580 423/787/441
f 426/794/464 564/793/601 562/796/577 424/795/440
f 427/790/432 565/789/569 566/797/572 428/798/433
f 428/798/433 566/797/572 567/799/565 429/800/428
f 429/800/428 567/799/565 568/801/568 430/802/429
f 430/802/429 568/801/568 569/803/600 431/804/461
f 431/804/461 569/803/600 570/805/593 432/806/456
f 432/806/456 570/805/593 571/807/596 433/808/457
f 433/808/457 571/807/596 572/809/606 434/810/467
f 435/811/448 573/812/585 574/813/588 436/814/449
f 436/814/449 574/813/588 575/815/581 437/816/444
f 437/816/444 575/815/581 576/817/584 438/818/445
f 438/818/445 576/817/584 577/819/573 439/820/436
f 439/820/436 577/819/573 578/821/576 440/822/437
f 440/822/437 578/821/576 579/823/561 441/824/424
f 441/824/424 579/823/561 580/825/564 442/826/425
f 442/826/425 580/825/564 581/827/598 443/828/459
f 443/828/459 581/827/598 582/829/589 444/830/452
f 444/830/452 582/829/589 583/831/592 445/832/453
f 445/832/453 583/831/592 563/833/603 425/834/466
f 412/784/416 550/783/555 619/835/586 481/836/447
f 434/837/467 572/838/606 629/839/605 491/840/468
f 450/841/488 588/842/626 584/843/628 446/844/490
f 449/845/470 587/846/608 586/847/611 448/848/473
f 446/844/490 584/843/628 585/849/607 447/850/469
f 447/850/469 585/849/607 587/846/608 449/845/470
f 451/851/487 589/852/625 588/842/626 450/841/488
f 452/853/486 590/854/624 589/852/625 451/851/487
f 453/855/485 591/856/623 590/854/624 452/853/486
f 454/857/482 592/858/620 591/856/623 453/855/485
f 455/859/481 593/860/619 592/858/620 454/857/482
f 456/861/478 594/862/616 593/860/619 455/859/481
f 457/863/477 595/864/615 594/862/616 456/861/478
f 459/865/475 597/866/613 596/867/629 458/868/491
f 460/869/474 598/870/612 597/866/613 459/865/475
f 461/871/472 599/872/610 598/870/612 460/869/474
f 462/873/471 600/874/609 599/872/610 461/871/472
f 463/875/489 601/876/627 600/874/609 462/873/471
f 464/877/484 602/878/622 601/876/627 463/875/489
f 465/879/483 603/880/621 602/878/622 464/877/484
f 466/881/480 604/882/618 603/880/621 465/879/483
f 467/883/479 605/884/617 604/882/618 466/881/480
f 468/885/476 606/886/614 605/884/617 467/883/479
f 448/887/473 586/888/611 606/886/614 468/885/476
f 365/782/398 503/781/536 595/889/615 457/890/477
f 458/891/491 596/892/629 504/776/524 366/775/387
f 481/836/447 619/835/586 573/893/585 435/894/448
f 491/840/468 629/839/605 549/786/560 411/785/422
o Plane.003_Plane.004
v 1.989901 9.957321 -2.361654
v 1.848818 10.220217 -3.026609
v 2.281274 9.047047 -3.128121
v 1.961946 8.978431 -3.550877
v 2.179421 9.291358 -3.644953
v 1.992244 8.814224 -3.274418
v 2.722919 8.194377 -1.038010
v 2.728213 8.586020 -1.459456
v 2.671029 8.392650 -1.335235
v 2.939388 8.314067 -0.950942
v 1.953964 9.297607 -0.470519
v 2.198101 8.986067 0.153236
v -1.228439 8.042139 2.064661
v -1.142868 7.633526 2.729005
v 0.764701 9.114225 1.405938
v 3.351955 7.376466 0.948237
v 0.620283 9.467835 0.883185
v 3.392711 7.948903 0.672351
v 3.307400 7.607584 0.697271
v 3.646965 7.635164 1.101004
v 2.679404 8.525487 1.591291
v 2.847508 8.253807 2.230949
v -1.259702 7.251465 3.693240
v -1.174131 6.972993 4.357583
v 1.211480 8.276375 3.511119
v 1.061617 8.728878 2.844356
v 3.925259 6.622458 3.037678
v 4.097381 7.194756 2.702426
v 3.889510 6.797530 2.775342
v 4.224042 7.002992 3.190344
v 3.284024 7.898390 3.739080
v 3.452128 7.626711 4.378738
v -0.859254 6.645562 5.630880
v -0.773683 6.425550 6.295224
v 1.746984 7.681190 5.648415
v 1.597121 8.213906 4.981650
v 4.397861 6.066241 5.190349
v 4.482786 6.602877 4.862967
v 4.317763 6.192030 4.899689
v 4.560818 6.521311 5.403250
v 3.725300 7.258278 5.818119
v 3.897522 7.041863 6.477465
v -0.105309 6.253438 7.734119
v -0.019738 6.033427 8.398462
v 2.165272 7.079573 7.635583
v 2.015409 7.399944 6.968820
v 4.964631 5.496975 7.188788
v 5.028410 6.048702 6.826429
v 4.870348 5.646094 6.882804
v 5.120627 5.943808 7.382034
v 4.074566 6.743169 7.435118
v 4.246789 6.526753 8.094462
v -0.613130 6.346455 7.978973
v -0.582034 5.923447 8.224325
v 2.332942 6.674263 8.507270
v 2.184975 6.891613 7.799858
v -0.608181 6.025077 8.011703
v -0.516794 6.134986 8.551769
v 0.307607 6.743169 8.223040
v 0.414088 6.526753 8.896135
v 0.099116 10.409410 -2.142670
v 0.046254 10.626760 -2.395398
v -1.427240 10.272513 -1.650106
v -1.533720 10.543968 -2.323203
v -2.312805 9.262287 -2.121752
v -2.173219 9.127305 -2.662530
v -2.408047 9.523639 -2.667268
v -2.116974 9.064625 -2.439327
v -1.824919 8.497189 -0.164456
v -1.987608 8.871753 -0.562350
v -1.884350 8.675681 -0.467744
v -1.989392 8.619593 -0.001660
v -0.916512 9.679630 0.097505
v -0.822226 9.306913 0.779379
v 3.098034 7.940475 1.165822
v 3.285904 7.628935 1.808767
v 0.706355 8.984850 1.374010
v -1.690674 7.817307 1.810638
v 0.863111 9.242597 0.694812
v -1.660651 8.255551 1.529961
v -1.705890 8.061141 1.568542
v -1.706651 7.938050 2.029459
v -0.530879 8.717003 2.262296
v -0.428517 8.445324 2.915706
v 3.860902 7.088417 2.822931
v 4.048772 6.868406 3.465876
v 1.431477 8.031240 3.473881
v 1.301538 8.351611 2.802950
v -1.323504 7.020728 3.950794
v -1.499670 7.509593 3.601629
v -1.387905 7.210487 3.623426
v -1.428148 7.303141 4.172107
v -0.379241 7.885760 4.510115
v -0.276878 7.614081 5.163524
v 4.161750 6.530968 5.041765
v 4.349620 6.310956 5.684710
v 1.800708 7.338838 5.656860
v 1.670770 7.542412 4.985929
v -0.939552 6.229392 5.908532
v -1.082894 6.846653 5.680424
v -0.959389 6.436562 5.574162
v -0.979634 6.620954 6.253472
v 0.053587 7.152246 6.582272
v 0.144802 6.857666 7.182385
v 4.335839 6.290517 6.969565
v 4.523709 6.070507 7.612511
v 2.221349 6.815413 7.626191
v 2.091410 7.047852 6.955258
v 0.021018 10.617291 -1.946883
v -0.055937 10.701950 -2.370565
v -0.262438 9.894381 -0.773324
v -0.681908 9.882519 -0.953485
v -0.658421 9.220081 -0.039741
v -0.766526 9.233535 -0.195890
v 0.165718 10.613405 -2.354004
v 0.079419 10.583242 -2.191861
v 1.528201 9.837543 -1.538583
v 1.313289 9.834012 -1.252672
v 1.905465 9.521609 -1.373337
v 1.781364 9.535064 -1.169554
v 0.310557 10.503098 -2.093850
v -0.075347 10.508636 -2.027784
v 0.322236 10.646383 -2.037487
v -0.029839 10.651921 -1.974196
v 0.254472 10.782617 -2.335824
v -0.131432 10.788156 -2.269758
v 0.242879 10.744324 -2.381327
v -0.143025 10.749862 -2.315261
v 0.251329 10.599175 -2.347103
v -0.134575 10.604714 -2.281037
v 2.060933 10.028425 -2.343503
v 1.919850 10.291321 -3.008457
v 2.381359 9.031163 -3.156872
v 2.024046 8.923385 -3.585496
v 2.279507 9.275475 -3.673705
v 2.054345 8.759177 -3.309036
v 2.778409 8.140437 -1.083797
v 2.846002 8.591804 -1.500098
v 2.726519 8.338710 -1.381022
v 3.057177 8.319851 -0.991584
v 2.009372 9.369530 -0.452109
v 2.253509 9.057990 0.171646
v -1.250295 8.113546 2.114746
v -1.164724 7.704933 2.779088
v 0.773583 9.197782 1.452114
v 3.418836 7.334598 0.905120
v 0.629165 9.551392 0.929361
v 3.505490 7.967128 0.642076
v 3.374280 7.565716 0.654153
v 3.759745 7.653390 1.070729
v 2.730305 8.599511 1.613920
v 2.898409 8.327832 2.253578
v -1.288567 7.325309 3.735654
v -1.202996 7.046837 4.399997
v 1.213381 8.361557 3.554733
v 1.063519 8.814060 2.887969
v 3.995616 6.580417 3.000700
v 4.209863 7.211826 2.678391
v 3.959868 6.755488 2.738365
v 4.336525 7.020061 3.166309
v 3.336709 7.970571 3.762972
v 3.504813 7.698891 4.402630
v -0.889188 6.716990 5.676567
v -0.803617 6.496978 6.340909
v 1.750146 7.765183 5.696138
v 1.600283 8.297900 5.029375
v 4.481066 6.038857 5.170050
v 4.586397 6.630771 4.851737
v 4.400969 6.164646 4.879389
v 4.664429 6.549205 5.392018
v 3.770225 7.338031 5.835557
v 3.942447 7.121616 6.494905
v -0.132237 6.331163 7.770435
v -0.046666 6.111153 8.434779
v 2.163098 7.166570 7.670410
v 2.013235 7.486941 7.003645
v 5.047802 5.469500 7.168472
v 5.135177 6.084743 6.816810
v 4.953518 5.618618 6.862487
v 5.227394 5.979847 7.372415
v 4.108441 6.827893 7.452528
v 4.280663 6.611478 8.111874
v -0.714803 6.382494 8.012952
v -0.666375 5.895969 8.239047
v 2.338363 6.760432 8.533189
v 2.190396 6.977782 7.825776
v -0.692523 5.997602 8.026424
v -0.618466 6.171027 8.585747
v 0.283551 6.827893 8.252566
v 0.390031 6.611478 8.925664
v 0.113558 10.489980 -2.103330
v 0.060695 10.707330 -2.356059
v -1.469340 10.351025 -1.604191
v -1.575820 10.622478 -2.277288
v -2.421837 9.260015 -2.103467
v -2.247681 9.077545 -2.670556
v -2.517079 9.521367 -2.648982
v -2.191436 9.014865 -2.447353
v -1.894106 8.443245 -0.184165
v -2.110760 8.874818 -0.548643
v -1.953537 8.621738 -0.487452
v -2.112545 8.622659 0.012047
v -0.949150 9.761219 0.139940
v -0.854863 9.388502 0.821814
v 3.133995 8.016474 1.197698
v 3.321865 7.704933 1.840643
v 0.727509 9.066109 1.410051
v -1.769230 7.775438 1.797941
v 0.884265 9.323854 0.730853
v -1.777506 8.276068 1.548509
v -1.784446 8.019273 1.555845
v -1.823506 7.958566 2.048006
v -0.556792 8.800440 2.301471
v -0.454429 8.528761 2.954881
v 3.897695 7.167043 2.846369
v 4.085566 6.947031 3.489314
v 1.454002 8.114430 3.504403
v 1.324063 8.434802 2.833472
v -1.402785 6.978686 3.945116
v -1.612355 7.526663 3.624692
v -1.467185 7.168447 3.617748
v -1.540834 7.320210 4.195169
v -0.407857 7.970571 4.546210
v -0.305496 7.698891 5.199619
v 4.194500 6.612659 5.060179
v 4.382370 6.392647 5.703124
v 1.820508 7.424335 5.681422
v 1.690569 7.627911 5.010489
v -1.027378 6.210238 5.910719
v -1.181616 6.881184 5.715168
v -1.047217 6.417408 5.576348
v -1.078357 6.655483 6.288218
v 0.025658 7.233173 6.618795
v 0.116873 6.938593 7.218911
v 4.363195 6.373325 6.991466
v 4.551065 6.153315 7.634409
v 2.233460 6.901248 7.655693
v 2.103521 7.133686 6.984761
v -0.010082 10.694134 -1.912052
v -0.087037 10.778792 -2.335733
v -0.294106 9.967382 -0.730529
v -0.713576 9.955521 -0.910690
v -0.690049 9.287839 0.010195
v -0.798154 9.301293 -0.145955
v 0.195503 10.694134 -2.327910
v 0.109205 10.663970 -2.165767
v 1.565552 9.914904 -1.510706
v 1.350640 9.911373 -1.224795
v 1.949726 9.594240 -1.344168
v 1.825625 9.607695 -1.140384
v 0.324415 10.468876 -2.011862
v -0.061490 10.474414 -1.945797
v 0.343033 10.693191 -1.922850
v -0.009042 10.698730 -1.859559
v 0.253665 10.887194 -2.350109
v -0.132239 10.892732 -2.284043
v 0.226358 10.778067 -2.480660
v -0.159546 10.783606 -2.414595
v 0.236288 10.578002 -2.433187
v -0.149616 10.583541 -2.367121
vn -0.9472 0.1005 -0.3045
vn -0.7782 -0.3286 0.5352
vn -0.3921 -0.4440 0.8057
vn -0.6988 0.2473 -0.6712
vn -0.2278 -0.7444 0.6276
vn -0.5838 -0.0071 -0.8118
vn -0.9933 0.0492 -0.1043
vn -0.7347 -0.3452 0.5840
vn -0.1477 -0.6942 0.7044
vn -0.7332 0.0801 -0.6753
vn -0.0094 -0.9372 0.3487
vn -0.7581 -0.0664 -0.6487
vn 0.4679 -0.8672 0.1703
vn -0.6137 -0.1717 -0.7706
vn -0.7527 0.1750 -0.6346
vn -0.1417 -0.6914 0.7084
vn 0.0383 -0.9428 0.3311
vn -0.7182 -0.0992 -0.6887
vn -0.9602 -0.0073 -0.2793
vn -0.6929 -0.5384 0.4795
vn -0.5807 -0.4683 -0.6660
vn -0.1261 -0.9612 0.2452
vn 0.4223 -0.8601 0.2862
vn -0.4592 -0.2034 -0.8647
vn -0.5024 -0.4982 -0.7067
vn -0.1832 -0.9416 0.2827
vn -0.6852 0.2408 -0.6874
vn -0.2495 -0.6576 0.7109
vn 0.0080 -0.9480 0.3181
vn -0.7028 -0.0758 -0.7074
vn -0.9345 -0.0091 -0.3559
vn -0.7087 -0.4692 0.5269
vn 0.3770 -0.8818 0.2833
vn -0.4298 -0.1393 -0.8921
vn -0.4756 -0.4745 -0.7407
vn -0.2076 -0.9463 0.2478
vn -0.6715 0.1808 -0.7187
vn -0.2891 -0.7041 0.6486
vn 0.1167 -0.9093 0.3994
vn -0.6963 -0.1853 -0.6934
vn -0.8505 -0.2369 -0.4697
vn -0.6513 -0.5985 0.4665
vn 0.4081 -0.8279 0.3849
vn -0.3892 -0.3318 -0.8593
vn -0.5027 -0.5506 -0.6665
vn -0.2084 -0.9038 0.3739
vn -0.6097 0.0053 -0.7926
vn -0.2513 -0.5954 0.7631
vn -0.0098 -0.8184 0.5745
vn -0.4290 -0.3512 -0.8322
vn -0.8588 -0.2424 -0.4513
vn -0.6383 -0.6080 0.4721
vn 0.1006 -0.8711 0.4808
vn -0.1833 -0.4457 -0.8762
vn 0.2756 -0.0424 -0.9603
vn 0.0949 -0.3604 -0.9280
vn 0.1813 -0.8445 0.5040
vn 0.3605 -0.8357 0.4142
vn 0.5205 -0.3847 -0.7623
vn 0.6632 -0.7478 -0.0300
vn -0.0011 -0.9463 0.3232
vn -0.2037 -0.2574 -0.9446
vn 0.7596 -0.0722 -0.6464
vn 0.3410 0.1496 -0.9281
vn 0.6019 -0.5769 0.5522
vn 0.9207 -0.3352 0.1997
vn 0.1578 -0.0775 -0.9844
vn 0.3975 -0.7820 0.4802
vn 0.8724 0.0187 -0.4884
vn 0.4103 0.0894 -0.9076
vn 0.4392 -0.6864 0.5796
vn 0.9045 -0.3276 0.2731
vn 0.4084 -0.0214 -0.9125
vn -0.0409 -0.9469 0.3191
vn 0.1263 -0.3489 -0.9286
vn -0.4159 -0.8235 0.3858
vn 0.4689 0.0669 -0.8807
vn 0.4268 -0.1208 -0.8963
vn -0.1170 -0.9304 0.3473
vn 0.3515 -0.8626 0.3637
vn 0.6661 -0.2791 -0.6917
vn 0.7089 -0.7042 -0.0395
vn 0.2893 -0.5290 -0.7978
vn 0.3039 -0.9192 0.2504
vn 0.0313 -0.3958 -0.9178
vn -0.3530 -0.8052 0.4765
vn 0.2301 -0.5548 -0.7995
vn 0.3494 -0.8955 0.2756
vn 0.4449 0.2555 -0.8584
vn 0.4426 -0.1699 -0.8805
vn -0.1277 -0.9218 0.3661
vn 0.4184 -0.7976 0.4345
vn 0.7169 -0.1337 -0.6842
vn 0.8290 -0.5234 0.1973
vn 0.0071 -0.4576 -0.8891
vn -0.2908 -0.7954 0.5318
vn 0.2647 -0.5821 -0.7688
vn 0.3785 -0.8627 0.3353
vn 0.4424 0.3339 -0.8324
vn 0.4282 -0.1728 -0.8870
vn -0.0736 -0.9407 0.3312
vn 0.3863 -0.8469 0.3655
vn 0.6171 -0.1724 -0.7678
vn 0.7145 -0.6913 0.1079
vn 0.0367 -0.3962 -0.9174
vn -0.2126 -0.8390 0.5008
vn 0.3099 -0.5326 -0.7876
vn 0.4296 -0.8507 0.3029
vn 0.9460 -0.2904 -0.1438
vn 0.8959 -0.4443 0.0013
vn -0.4615 -0.6607 -0.5920
vn 0.1508 -0.1442 -0.9780
vn 0.2752 -0.8676 0.4141
vn -0.4497 -0.8310 -0.3275
vn -0.3783 -0.2040 -0.9029
vn 0.0678 -0.5388 -0.8397
vn -0.6098 -0.6354 0.4737
vn -0.9431 -0.3275 0.0570
vn 0.4137 -0.7793 -0.4706
vn -0.0946 -0.8651 0.4926
vn 0.4369 -0.3218 -0.8400
vn -0.7359 -0.2492 -0.6296
vn -0.9612 -0.1098 -0.2532
vn 0.8115 -0.1545 -0.5635
vn -0.8079 -0.5157 0.2853
vn 0.8335 -0.5421 -0.1071
vn -0.7564 -0.1536 0.6358
vn 0.9166 -0.1828 0.3556
vn -0.4500 -0.4247 0.7856
vn 0.6876 -0.4256 0.5882
vn 0.0431 -0.9975 0.0556
vn -0.0778 -0.6257 -0.7762
vn 0.5475 0.1130 -0.8292
vn 0.8606 -0.4151 0.2951
vn 0.4377 0.8152 -0.3792
vn 0.6230 0.2180 0.7513
vn 0.0071 -0.9991 -0.0426
vn -0.1290 -0.6714 -0.7298
vn 0.3989 0.2870 -0.8709
vn 0.9547 -0.2265 0.1929
vn 0.1260 0.9364 -0.3274
vn 0.7404 0.2302 0.6315
vn -0.2701 0.9588 -0.0883
vn 0.3923 0.4196 0.8186
vn 0.9682 -0.1542 0.1973
vn 0.4273 0.4634 -0.7763
vn 0.1441 0.9424 -0.3018
vn 0.6976 0.2520 0.6707
vn 0.1633 -0.9768 -0.1385
vn 0.0082 -0.4510 -0.8925
vn -0.8600 0.5090 0.0365
vn -0.3907 -0.1299 0.9113
vn -0.2473 0.9578 -0.1465
vn 0.3005 0.3967 0.8674
vn -0.8797 0.4648 -0.1000
vn -0.4949 -0.0377 0.8682
vn 0.9486 -0.1202 0.2927
vn 0.5253 0.3522 -0.7746
vn 0.1874 0.9354 -0.3000
vn 0.7048 0.2065 0.6786
vn 0.1992 -0.9785 0.0533
vn 0.0559 -0.5714 -0.8188
vn -0.2097 0.9698 -0.1246
vn 0.2804 0.3576 0.8908
vn -0.8949 0.4335 -0.1059
vn -0.4942 -0.0425 0.8683
vn 0.9236 0.0226 0.3826
vn 0.5481 0.3592 -0.7553
vn 0.1102 0.9254 -0.3625
vn 0.6719 0.3219 0.6670
vn 0.4425 -0.8777 0.1839
vn 0.2477 -0.6110 -0.7519
vn -0.2829 0.9259 -0.2503
vn 0.2603 0.4767 0.8396
vn -0.8656 0.4714 -0.1690
vn -0.5151 0.0665 0.8546
vn 0.8895 0.0767 0.4504
vn 0.5953 0.3556 -0.7205
vn 0.1550 0.8910 -0.4266
vn 0.4704 0.4279 0.7718
vn 0.4465 -0.8779 0.1728
vn 0.2470 -0.6082 -0.7544
vn -0.0955 0.8845 -0.4567
vn 0.1776 0.4977 0.8490
vn -0.2564 0.9202 -0.2957
vn -0.7344 0.4987 -0.4605
vn -0.6131 -0.0098 0.7900
vn -0.1182 0.3874 0.9143
vn -0.6371 -0.5354 -0.5545
vn -0.5342 -0.8299 0.1607
vn 0.0260 0.9671 -0.2532
vn 0.2253 0.4111 0.8833
vn -0.8423 0.2040 -0.4988
vn -0.2675 -0.6814 -0.6812
vn -0.0918 -0.9924 0.0817
vn -0.6664 -0.3372 0.6650
vn -0.4089 0.8879 -0.2107
vn -0.1906 0.3087 0.9319
vn -0.7284 0.2423 -0.6408
vn -0.1663 -0.6941 -0.7004
vn -0.0216 -0.9998 -0.0003
vn -0.7857 -0.2362 0.5717
vn -0.1846 0.9550 -0.2323
vn -0.3530 0.3613 0.8630
vn 0.3927 0.8748 -0.2837
vn -0.0580 0.4227 0.9044
vn -0.1045 0.9736 -0.2029
vn -0.6099 0.5226 -0.5958
vn -0.7603 -0.1195 0.6385
vn -0.3092 0.3645 0.8784
vn -0.5066 -0.4186 -0.7538
vn -0.4175 -0.8987 -0.1344
vn 0.7313 0.0049 0.6821
vn 0.7860 0.5086 -0.3514
vn 0.3027 0.8943 -0.3295
vn 0.0532 0.4368 0.8980
vn 0.7897 0.0795 0.6083
vn 0.7335 0.4866 -0.4745
vn -0.1051 0.9765 -0.1881
vn -0.6909 0.4200 -0.5884
vn -0.7602 -0.0385 0.6485
vn -0.3290 0.3390 0.8814
vn -0.4086 -0.6015 -0.6865
vn -0.2372 -0.9622 0.1337
vn 0.2568 0.8770 -0.4061
vn 0.0633 0.4987 0.8645
vn 0.8032 0.1443 0.5779
vn 0.6927 0.5104 -0.5096
vn -0.1198 0.9801 -0.1586
vn -0.6942 0.5560 -0.4570
vn -0.7379 -0.0189 0.6746
vn -0.3635 0.2634 0.8936
vn -0.5429 -0.4277 -0.7228
vn -0.4385 -0.8875 0.1419
vn 0.1648 0.9144 -0.3698
vn 0.0294 0.4710 0.8816
vn 0.7840 0.1725 0.5963
vn 0.6673 0.5688 -0.4807
vn 0.4001 0.6549 0.6411
vn 0.4598 0.8083 0.3678
vn -0.0527 0.8469 -0.5292
vn -0.8884 0.4541 0.0667
vn -0.0032 0.0556 0.9985
vn -0.9164 0.0614 0.3956
vn 0.6452 0.6782 -0.3519
vn 0.0229 0.8159 -0.5777
vn -0.5563 0.7372 0.3836
vn -0.0602 0.5126 0.8565
vn 0.9882 0.1274 -0.0855
vn 0.4778 0.1130 0.8712
vn -0.5908 -0.7000 0.4011
vn 0.6124 -0.7614 0.2128
vn 0.7124 0.2946 0.6370
vn -0.3841 0.3342 0.8607
vn 0.5847 0.7814 -0.2182
vn -0.6210 0.7836 0.0175
vn 0.4630 0.2467 -0.8513
vn -0.7269 0.2596 -0.6358
vn 0.4972 -0.6989 -0.5142
vn -0.6417 -0.6953 -0.3237
s 1
usemtl Material
f 633//630 635//631 632//632 634//633
f 634//633 632//632 630//634 631//635
f 638//636 636//637 639//638 637//639
f 637//639 639//638 641//640 640//641
f 640//641 641//640 644//642 646//643
f 647//644 649//645 651//646 650//647
f 648//648 645//649 649//645 647//644
f 642//650 646//643 644//642 643//651
f 650//647 651//646 654//652 655//653
f 652//654 655//653 654//652 653//655
f 657//656 659//657 661//658 660//659
f 658//660 656//661 659//657 657//656
f 660//659 661//658 664//662 665//663
f 662//664 665//663 664//662 663//665
f 667//666 669//667 671//668 670//669
f 668//670 666//671 669//667 667//666
f 670//669 671//668 674//672 675//673
f 672//674 675//673 674//672 673//675
f 677//676 679//677 681//678 680//679
f 678//680 676//681 679//677 677//676
f 680//679 681//678 684//682 685//683
f 682//684 688//685 689//686 687//687
f 686//688 682//684 687//687 683//689
f 688//685 685//683 684//682 689//686
f 631//635 630//634 690//690 691//691
f 695//692 696//693 694//694 697//695
f 696//693 693//696 692//697 694//694
f 693//696 691//691 690//690 692//697
f 700//698 699//699 701//700 698//701
f 699//699 702//702 703//703 701//700
f 702//702 708//704 706//705 703//703
f 709//706 712//707 713//708 711//709
f 710//710 709//706 711//709 707//711
f 704//712 705//713 706//705 708//704
f 712//707 717//714 716//715 713//708
f 714//716 715//717 716//715 717//714
f 719//718 722//719 723//720 721//721
f 720//722 719//718 721//721 718//723
f 722//719 727//724 726//725 723//720
f 724//726 725//727 726//725 727//724
f 729//728 732//729 733//730 731//731
f 730//732 729//728 731//731 728//733
f 732//729 737//734 736//735 733//730
f 734//736 735//737 736//735 737//734
f 738//738 740//739 741//740 739//741
f 740//739 742//742 743//743 741//740
f 744//744 746//745 747//746 745//747
f 746//745 748//748 749//749 747//746
f 750//750 751//751 753//752 752//753
f 752//753 753//752 755//754 754//755
f 754//755 755//754 757//756 756//757
f 756//757 757//756 759//758 758//759
f 765//760 763//761 764//762 762//763
f 762//763 764//762 761//764 760//765
f 766//766 768//767 767//768 769//769
f 769//769 767//768 770//770 771//771
f 771//771 770//770 776//772 774//773
f 779//774 777//775 780//776 781//777
f 775//778 778//779 777//775 779//774
f 776//772 772//780 773//781 774//773
f 781//777 780//776 785//782 784//783
f 785//782 782//784 783//785 784//783
f 789//786 787//787 790//788 791//789
f 786//790 788//791 787//787 789//786
f 791//789 790//788 795//792 794//793
f 795//792 792//794 793//795 794//793
f 799//796 797//797 800//798 801//799
f 796//800 798//801 797//797 799//796
f 801//799 800//798 805//802 804//803
f 805//802 802//804 803//805 804//803
f 809//806 807//807 810//808 811//809
f 806//810 808//811 807//807 809//806
f 811//809 810//808 815//812 814//813
f 818//814 812//815 817//816 819//817
f 812//815 816//818 813//819 817//816
f 815//812 818//814 819//817 814//813
f 760//765 761//764 821//820 820//821
f 826//822 825//823 827//824 824//825
f 823//826 826//822 824//825 822//827
f 821//820 823//826 822//827 820//821
f 829//828 830//829 828//830 831//831
f 832//832 829//828 831//831 833//833
f 838//834 832//832 833//833 836//835
f 842//836 839//837 841//838 843//839
f 839//837 840//840 837//841 841//838
f 835//842 834//843 838//834 836//835
f 847//844 842//836 843//839 846//845
f 845//846 844//847 847//844 846//845
f 852//848 849//849 851//850 853//851
f 849//849 850//852 848//853 851//850
f 857//854 852//848 853//851 856//855
f 855//856 854//857 857//854 856//855
f 862//858 859//859 861//860 863//861
f 859//859 860//862 858//863 861//860
f 867//864 862//858 863//861 866//865
f 865//866 864//867 867//864 866//865
f 870//868 868//869 869//870 871//871
f 872//872 870//868 871//871 873//873
f 876//874 874//875 875//876 877//877
f 878//878 876//874 877//877 879//879
f 881//880 880//881 882//882 883//883
f 883//883 882//882 884//884 885//885
f 885//885 884//884 886//886 887//887
f 887//887 886//886 888//888 889//889
f 632//632 762//763 760//765 630//634
f 631//635 761//764 764//762 634//633
f 633//630 763//761 765//760 635//631
f 635//631 765//760 762//763 632//632
f 634//633 764//762 763//761 633//630
f 636//637 766//766 769//769 639//638
f 637//639 767//768 768//767 638//636
f 638//636 768//767 766//766 636//637
f 640//641 770//770 767//768 637//639
f 639//638 769//769 771//771 641//640
f 643//651 773//781 772//780 642//650
f 646//643 776//772 770//770 640//641
f 641//640 771//771 774//773 644//642
f 647//644 777//775 778//779 648//648
f 642//650 772//780 776//772 646//643
f 645//649 775//778 779//774 649//645
f 644//642 774//773 773//781 643//651
f 648//648 778//779 775//778 645//649
f 650//647 780//776 777//775 647//644
f 649//645 779//774 781//777 651//646
f 653//655 783//785 782//784 652//654
f 655//653 785//782 780//776 650//647
f 651//646 781//777 784//783 654//652
f 652//654 782//784 785//782 655//653
f 654//652 784//783 783//785 653//655
f 657//656 787//787 788//791 658//660
f 656//661 786//790 789//786 659//657
f 658//660 788//791 786//790 656//661
f 660//659 790//788 787//787 657//656
f 659//657 789//786 791//789 661//658
f 663//665 793//795 792//794 662//664
f 665//663 795//792 790//788 660//659
f 661//658 791//789 794//793 664//662
f 662//664 792//794 795//792 665//663
f 664//662 794//793 793//795 663//665
f 667//666 797//797 798//801 668//670
f 666//671 796//800 799//796 669//667
f 668//670 798//801 796//800 666//671
f 670//669 800//798 797//797 667//666
f 669//667 799//796 801//799 671//668
f 673//675 803//805 802//804 672//674
f 675//673 805//802 800//798 670//669
f 671//668 801//799 804//803 674//672
f 672//674 802//804 805//802 675//673
f 674//672 804//803 803//805 673//675
f 677//676 807//807 808//811 678//680
f 676//681 806//810 809//806 679//677
f 678//680 808//811 806//810 676//681
f 680//679 810//808 807//807 677//676
f 679//677 809//806 811//809 681//678
f 687//687 817//816 813//819 683//689
f 685//683 815//812 810//808 680//679
f 681//678 811//809 814//813 684//682
f 686//688 816//818 812//815 682//684
f 683//689 813//819 816//818 686//688
f 682//684 812//815 818//814 688//685
f 689//686 819//817 817//816 687//687
f 688//685 818//814 815//812 685//683
f 691//691 821//820 761//764 631//635
f 630//634 760//765 820//821 690//690
f 692//697 822//827 824//825 694//694
f 696//693 826//822 823//826 693//696
f 697//695 827//824 825//823 695//692
f 694//694 824//825 827//824 697//695
f 695//692 825//823 826//822 696//693
f 693//696 823//826 821//820 691//691
f 701//700 831//831 828//830 698//701
f 700//698 830//829 829//828 699//699
f 698//701 828//830 830//829 700//698
f 699//699 829//828 832//832 702//702
f 703//703 833//833 831//831 701//700
f 704//712 834//843 835//842 705//713
f 702//702 832//832 838//834 708//704
f 706//705 836//835 833//833 703//703
f 710//710 840//840 839//837 709//706
f 708//704 838//834 834//843 704//712
f 711//709 841//838 837//841 707//711
f 705//713 835//842 836//835 706//705
f 707//711 837//841 840//840 710//710
f 709//706 839//837 842//836 712//707
f 713//708 843//839 841//838 711//709
f 714//716 844//847 845//846 715//717
f 712//707 842//836 847//844 717//714
f 716//715 846//845 843//839 713//708
f 717//714 847//844 844//847 714//716
f 715//717 845//846 846//845 716//715
f 720//722 850//852 849//849 719//718
f 721//721 851//850 848//853 718//723
f 718//723 848//853 850//852 720//722
f 719//718 849//849 852//848 722//719
f 723//720 853//851 851//850 721//721
f 724//726 854//857 855//856 725//727
f 722//719 852//848 857//854 727//724
f 726//725 856//855 853//851 723//720
f 727//724 857//854 854//857 724//726
f 725//727 855//856 856//855 726//725
f 730//732 860//862 859//859 729//728
f 731//731 861//860 858//863 728//733
f 728//733 858//863 860//862 730//732
f 729//728 859//859 862//858 732//729
f 733//730 863//861 861//860 731//731
f 734//736 864//867 865//866 735//737
f 732//729 862//858 867//864 737//734
f 736//735 866//865 863//861 733//730
f 737//734 867//864 864//867 734//736
f 735//737 865//866 866//865 736//735
f 690//690 820//821 822//827 692//697
f 739//741 869//870 868//869 738//738
f 738//738 868//869 870//868 740//739
f 741//740 871//871 869//870 739//741
f 742//742 872//872 873//873 743//743
f 740//739 870//868 872//872 742//742
f 743//743 873//873 871//871 741//740
f 745//747 875//876 874//875 744//744
f 744//744 874//875 876//874 746//745
f 747//746 877//877 875//876 745//747
f 748//748 878//878 879//879 749//749
f 746//745 876//874 878//878 748//748
f 749//749 879//879 877//877 747//746
f 750//750 880//881 881//880 751//751
f 752//753 882//882 880//881 750//750
f 751//751 881//880 883//883 753//752
f 754//755 884//884 882//882 752//753
f 753//752 883//883 885//885 755//754
f 756//757 886//886 884//884 754//755
f 755//754 885//885 887//887 757//756
f 759//758 889//889 888//888 758//759
f 758//759 888//888 886//886 756//757
f 757//756 887//887 889//889 759//758
f 684//682 814//813 819//817 689//686
o Plane.004_Plane.005
v 0.113558 10.562409 -2.103330
v 0.060695 10.779759 -2.356059
v -1.191809 10.114277 -0.954749
v -1.501425 10.348518 -1.460261
v -1.638172 9.776841 -0.595885
v -1.947788 9.857097 -1.101397
v -2.401957 10.078920 -0.282545
v -2.711572 10.159176 -0.788056
v -2.119601 10.679812 -0.585861
v -2.429217 10.760068 -1.091373
v -0.904337 10.851891 -1.256155
v -1.213953 10.932146 -1.761666
v 0.078111 10.634838 -2.095916
v 0.025248 10.852188 -2.348644
v 0.113740 10.558608 -2.104522
v 0.074381 10.782889 -2.353632
v 1.744984 10.093115 -1.628354
v 1.813165 10.167155 -2.216548
v 2.167508 9.571617 -1.501704
v 2.229708 9.625602 -2.087519
v 2.725724 9.807055 -1.542765
v 2.791821 9.877494 -2.130622
v 2.462342 10.166004 -1.658607
v 2.585285 10.314406 -2.256215
v 1.418174 10.721143 -1.773384
v 1.488908 10.800014 -2.362129
v 0.155720 10.627404 -2.112410
v 0.116361 10.851686 -2.361520
v 0.119884 10.634322 -2.063525
v 0.067022 10.851672 -2.316253
v -1.207140 10.184531 -0.914436
v -1.511021 10.419703 -1.419808
v -1.639301 9.857029 -0.576790
v -1.948592 9.937347 -1.082544
v -2.337845 10.118952 -0.315456
v -2.641123 10.169896 -0.829504
v -2.085962 10.611440 -0.617319
v -2.399851 10.688827 -1.120669
v -0.913715 10.771824 -1.273399
v -1.223176 10.852057 -1.778884
v 0.055426 10.557974 -2.115240
v 0.002563 10.775324 -2.367968
v 0.132901 10.633927 -2.077027
v 0.093541 10.858209 -2.326137
v 1.790773 10.158655 -1.608259
v 1.854370 10.235181 -2.194860
v 2.186339 9.651165 -1.491046
v 2.248128 9.705251 -2.076896
v 2.653424 9.845797 -1.551012
v 2.711035 9.885867 -2.144742
v 2.408885 10.106457 -1.678420
v 2.535895 10.251463 -2.276084
v 1.402268 10.643916 -1.797447
v 1.473648 10.722703 -2.386337
v 0.160531 10.549959 -2.140251
v 0.121171 10.774240 -2.389361
vn 0.6909 -0.7177 -0.0871
vn 0.6279 -0.7602 0.1665
vn -0.4302 -0.3006 -0.8512
vn 0.3444 -0.1543 -0.9261
vn 0.3837 -0.8315 0.4017
vn -0.2876 -0.7232 -0.6280
vn -0.3749 -0.3820 0.8447
vn -0.9882 -0.1411 -0.0600
vn -0.0089 0.6389 0.7693
vn -0.6595 0.6961 -0.2837
vn 0.4577 0.5364 0.7091
vn -0.2339 0.8591 -0.4551
vn 0.9282 0.2411 0.2834
vn 0.3968 0.6860 -0.6099
vn -0.6886 -0.6398 0.3413
vn -0.7788 -0.1642 -0.6054
vn -0.0942 -0.3818 -0.9194
vn -0.5919 -0.5732 0.5667
vn -0.1029 -0.7835 -0.6128
vn -0.2691 -0.7788 0.5667
vn 0.8837 -0.1591 -0.4402
vn 0.6986 -0.3404 0.6293
vn 0.6281 0.6035 -0.4913
vn 0.3417 0.5372 0.7712
vn 0.2048 0.8670 -0.4542
vn 0.0010 0.5492 0.8357
vn -0.5457 0.7541 -0.3654
vn -0.6923 0.2983 0.6571
vn 0.3170 0.8506 -0.4195
vn -0.5291 0.8378 -0.1347
vn 0.3293 0.4565 0.8265
vn 0.8040 0.3652 0.4693
vn -0.4706 0.7243 -0.5040
vn 0.4156 0.4025 0.8156
vn -0.1377 0.0051 -0.9905
vn 0.7036 0.2231 0.6746
vn -0.2757 -0.4465 -0.8512
vn 0.6976 -0.5759 0.4262
vn -0.4092 -0.4813 -0.7752
vn 0.3378 -0.8136 0.4733
vn 0.2620 -0.4255 -0.8662
vn 0.5174 -0.8503 0.0967
vn 0.2255 0.5462 0.8068
vn 0.5458 0.7071 -0.4496
vn -0.3409 0.8642 -0.3701
vn -0.4855 0.4942 0.7211
vn 0.0050 0.4115 0.9114
vn 0.2699 0.5563 -0.7859
vn -0.3950 0.2742 0.8768
vn -0.2839 -0.0926 -0.9544
vn -0.6246 -0.5667 0.5373
vn -0.1246 -0.4266 -0.8958
vn -0.2944 -0.7788 0.5539
vn -0.0389 -0.3972 -0.9169
vn -0.5020 -0.8114 0.2993
vn -0.6507 -0.3485 -0.6746
s 1
usemtl white
f 890//890 892//891 893//892 891//893
f 892//891 894//894 895//895 893//892
f 894//894 896//896 897//897 895//895
f 896//896 898//898 899//899 897//897
f 898//898 900//900 901//901 899//899
f 900//900 902//902 903//903 901//901
f 904//904 905//905 907//906 906//907
f 906//907 907//906 909//908 908//909
f 908//909 909//908 911//910 910//911
f 910//911 911//910 913//912 912//913
f 912//913 913//912 915//914 914//915
f 914//915 915//914 917//916 916//917
f 919//918 921//919 920//920 918//921
f 921//919 923//922 922//923 920//920
f 923//922 925//924 924//925 922//923
f 925//924 927//926 926//927 924//925
f 927//926 929//928 928//929 926//927
f 929//928 931//930 930//931 928//929
f 934//932 935//933 933//934 932//935
f 936//936 937//937 935//933 934//932
f 938//938 939//939 937//937 936//936
f 940//940 941//941 939//939 938//938
f 942//942 943//943 941//941 940//940
f 944//944 945//945 943//943 942//942
f 890//890 891//893 919//918 918//921
f 892//891 890//890 918//921 920//920
f 891//893 893//892 921//919 919//918
f 894//894 892//891 920//920 922//923
f 893//892 895//895 923//922 921//919
f 896//896 894//894 922//923 924//925
f 895//895 897//897 925//924 923//922
f 898//898 896//896 924//925 926//927
f 897//897 899//899 927//926 925//924
f 900//900 898//898 926//927 928//929
f 899//899 901//901 929//928 927//926
f 903//903 902//902 930//931 931//930
f 902//902 900//900 928//929 930//931
f 901//901 903//903 931//930 929//928
f 905//905 904//904 932//935 933//934
f 904//904 906//907 934//932 932//935
f 907//906 905//905 933//934 935//933
f 906//907 908//909 936//936 934//932
f 909//908 907//906 935//933 937//937
f 908//909 910//911 938//938 936//936
f 911//910 909//908 937//937 939//939
f 910//911 912//913 940//940 938//938
f 913//912 911//910 939//939 941//941
f 912//913 914//915 942//942 940//940
f 915//914 913//912 941//941 943//943
f 916//917 917//916 945//945 944//944
f 914//915 916//917 944//944 942//942
f 917//916 915//914 943//943 945//945
o Plane.005_Plane.006
v -5.300601 -0.000001 -8.412792
v -5.285070 -0.000001 -10.628101
v -2.578456 -0.000001 -13.606642
v -4.282336 -0.000001 -12.593807
v -4.979259 -0.000000 -6.222336
v -3.855646 -0.000000 -3.903228
v -3.002357 -0.000000 -1.459161
v -2.399111 0.000000 1.424886
v -2.458904 0.000000 4.082744
v -2.686395 0.108726 7.029119
v -2.212416 0.561278 10.237145
v -0.842781 1.460099 13.174239
v 1.219619 2.386902 15.341392
v 3.588345 2.819077 15.613291
v 6.076962 2.409351 14.323193
v 7.358127 1.446778 11.499374
v 7.892560 0.527568 7.931498
v 7.431294 0.119611 4.784253
v 6.391566 0.015625 1.854421
v 5.305355 0.015625 -0.512648
v 4.429915 0.015625 -3.285031
v 3.752715 0.015625 -5.737651
v 3.213083 0.015624 -8.317563
v 2.439241 0.015624 -10.290226
v 1.188324 0.015624 -12.031745
v -0.317987 0.015624 -13.424294
v -2.080941 -0.000001 -11.228088
v -1.582767 -0.000001 -9.204333
v -1.067791 -0.000001 -7.420531
v -0.110675 -0.000000 -4.822860
v 0.736260 -0.000000 -2.280954
v 1.525209 0.000000 0.548926
v 1.955111 0.000000 2.981028
v 2.377418 0.107693 5.942018
v 2.835872 0.536083 9.075818
v 3.148976 1.470317 12.456711
v -5.317853 2.702640 -8.495272
v -5.302322 2.702640 -10.710581
v -2.595707 2.702640 -13.689120
v -4.299588 2.702640 -12.676286
v -4.996511 2.702641 -6.304816
v -3.872898 2.702641 -3.985707
v -3.019609 2.702641 -1.541641
v -2.416363 2.702641 1.342407
v -2.455295 2.807715 4.099997
v -2.732430 2.912416 6.809032
v -2.278890 3.351646 9.919343
v -0.987671 4.127152 12.481540
v 1.074743 5.112629 14.648758
v 3.443469 5.544804 14.920656
v 5.932085 5.135078 13.630558
v 7.213237 4.113831 10.806674
v 7.826087 3.317935 7.613696
v 7.385260 2.923301 4.564166
v 6.395175 2.823340 1.871673
v 5.288104 2.718266 -0.595128
v 4.412663 2.718266 -3.367510
v 3.735463 2.718266 -5.820131
v 3.195831 2.718265 -8.400043
v 2.421989 2.718265 -10.372705
v 1.171073 2.718265 -12.114223
v -0.335239 2.718265 -13.506773
v 3.736009 2.632705 -5.817520
v 3.196378 2.632705 -8.397431
v -2.276786 3.263309 9.929404
v -0.983084 4.042719 12.503469
v 5.288650 2.632706 -0.592516
v 4.413210 2.632706 -3.364899
v -2.455409 2.718828 4.099451
v -2.730973 2.823658 6.816000
v 7.386717 2.834543 4.571134
v 6.395061 2.734454 1.871127
v -3.019063 2.617081 -1.539029
v -2.415816 2.617081 1.345018
v -4.995965 2.617080 -6.302205
v -3.872352 2.617081 -3.983096
v 7.217823 4.029398 10.828604
v 7.828191 3.229598 7.623755
v 1.171619 2.632705 -12.111612
v -0.334693 2.632705 -13.504162
v -5.301776 2.617080 -10.707970
v -5.317307 2.617080 -8.492661
v 3.448056 5.458513 14.942584
v 5.936672 5.048787 13.652485
v 2.422536 2.632705 -10.370093
v 1.079329 5.026339 14.670685
v -2.595161 2.617080 -13.686509
v -4.299042 2.617080 -12.673675
v 3.752104 0.111287 -5.740571
v -2.214769 0.660045 10.225898
v 5.304745 0.111287 -0.515568
v -2.458776 0.099380 4.083355
v 7.429665 0.218849 4.776463
v -3.002968 0.095661 -1.462081
v -4.979870 0.095661 -6.225255
v 7.352998 1.541180 11.474856
v 1.187714 0.111286 -12.034663
v -5.285681 0.095660 -10.631021
v 3.583217 2.915556 15.588775
v -4.282947 0.095661 -12.596725
v 3.212473 0.111286 -8.320483
v -0.847910 1.554501 13.149720
v 4.429305 0.111287 -3.287951
v -2.688025 0.207964 7.021329
v 6.391694 0.115006 1.855032
v -2.399721 0.095661 1.421967
v -3.856257 0.095661 -3.906147
v 7.890208 0.626335 7.920249
v -0.318598 0.111286 -13.427213
v -5.301212 0.095660 -8.415711
v 6.071834 2.505829 14.298676
v 2.438631 0.111286 -10.293145
v 1.214491 2.483381 15.316875
v -2.579066 0.095661 -13.609560
vn 0.1704 -0.3573 0.9183
vn 0.0654 -0.9474 0.3132
vn 0.7270 -0.5734 0.3778
vn 0.5927 -0.4189 0.6880
vn -0.3107 -0.4330 0.8461
vn -0.5632 -0.5802 0.5884
vn -0.6666 -0.6662 0.3345
vn 0.0415 -0.9796 0.1967
vn 0.7483 -0.6530 0.1168
vn 0.0190 -0.9964 0.0830
vn 0.7107 -0.6937 -0.1167
vn -0.7092 -0.6994 0.0883
vn -0.6922 -0.7215 -0.0189
vn 0.0057 -0.9998 0.0171
vn 0.6645 -0.7021 -0.2558
vn 0.0019 -1.0000 -0.0006
vn 0.6463 -0.7210 -0.2499
vn -0.6762 -0.7342 0.0608
vn -0.6676 -0.7213 0.1846
vn 0.0020 -1.0000 -0.0006
vn 0.6745 -0.7107 -0.1998
vn 0.6811 -0.7132 -0.1657
vn -0.6428 -0.7183 0.2661
vn -0.7060 -0.6733 0.2195
vn 0.0017 -1.0000 -0.0005
vn 0.6954 -0.6884 -0.2063
vn 0.0018 -1.0000 -0.0007
vn 0.6433 -0.6821 -0.3477
vn -0.7202 -0.6919 0.0511
vn -0.7274 -0.6637 -0.1743
vn 0.0023 -1.0000 -0.0011
vn 0.5444 -0.6891 -0.4783
vn 0.3104 -0.6476 -0.6959
vn -0.1691 -0.6569 -0.7348
vn -0.5503 -0.6591 -0.5126
vn 0.9719 -0.0010 -0.2356
vn 0.9582 -0.0026 -0.2860
vn 0.9578 -0.0027 -0.2876
vn 0.9720 -0.0010 -0.2350
vn -0.9564 0.0197 0.2914
vn -0.8321 0.0872 0.5477
vn -0.8276 0.0891 0.5542
vn -0.9527 0.0218 0.3030
vn 0.9342 -0.0029 -0.3568
vn 0.9589 -0.0025 -0.2837
vn 0.9590 -0.0025 -0.2833
vn 0.9347 -0.0028 -0.3555
vn -0.9984 -0.0068 -0.0554
vn -0.9996 -0.0085 0.0257
vn -0.9997 -0.0086 0.0231
vn -0.9982 -0.0070 -0.0588
vn 0.9697 0.0004 -0.2445
vn 0.9262 -0.0039 -0.3769
vn 0.9264 -0.0040 -0.3765
vn 0.9694 0.0004 -0.2455
vn -0.9635 0.0020 0.2677
vn -0.9955 -0.0013 0.0949
vn -0.9953 -0.0013 0.0967
vn -0.9631 0.0021 0.2690
vn -0.9558 0.0029 0.2940
vn -0.9235 0.0058 0.3834
vn -0.9231 0.0058 0.3845
vn -0.9567 0.0028 0.2911
vn 0.9583 0.1064 0.2651
vn 0.9993 0.0373 0.0078
vn 0.9990 0.0398 0.0206
vn 0.9559 0.1083 0.2728
vn 0.7492 -0.0154 -0.6621
vn 0.4017 -0.0254 -0.9154
vn 0.3989 -0.0254 -0.9166
vn 0.7481 -0.0155 -0.6634
vn -0.9714 -0.0134 -0.2370
vn -0.9976 -0.0043 0.0693
vn -0.9977 -0.0043 0.0678
vn -0.9704 -0.0135 -0.2410
vn 0.1713 0.2512 0.9527
vn 0.7399 0.2031 0.6414
vn 0.7261 0.2061 0.6560
vn 0.1737 0.2512 0.9522
vn 0.8783 -0.0090 -0.4780
vn 0.8772 -0.0090 -0.4800
vn -0.4780 0.1931 0.8569
vn -0.4585 0.1966 0.8667
vn -0.2257 -0.0312 -0.9737
vn -0.2249 -0.0312 -0.9739
vn -0.7294 -0.0255 -0.6837
vn -0.7272 -0.0256 -0.6860
vn -0.9583 0.0184 0.2851
vn -0.8358 0.0861 0.5423
vn 0.9334 -0.0029 -0.3587
vn -0.9987 -0.0066 -0.0514
vn -0.9994 -0.0082 0.0322
vn 0.9702 0.0004 -0.2423
vn 0.9265 -0.0039 -0.3763
vn -0.9957 -0.0014 0.0929
vn 0.9608 0.1049 0.2564
vn 0.9994 0.0355 -0.0022
vn 0.7394 0.2032 0.6418
vn -0.4775 0.1932 0.8572
vt 0.905039 0.374822
vt 0.907503 0.338577
vt 0.956701 0.337718
vt 0.935816 0.366235
vt 0.879244 0.366260
vt 0.861290 0.337267
vt 0.852863 0.301299
vt 0.911900 0.300123
vt 0.970991 0.299157
vt 0.914098 0.264088
vt 0.973189 0.262965
vt 0.855062 0.264399
vt 0.864476 0.232056
vt 0.916297 0.230065
vt 0.968426 0.227848
vt 0.917176 0.201925
vt 0.961831 0.198903
vt 0.871346 0.202540
vt 0.871346 0.168954
vt 0.914978 0.168510
vt 0.958533 0.165927
vt 0.911460 0.138171
vt 0.956701 0.136981
vt 0.867529 0.139692
vt 0.860405 0.111195
vt 0.906844 0.106954
vt 0.956701 0.106936
vt 0.905261 0.085849
vt 0.952671 0.083120
vt 0.861932 0.086004
vt 0.867275 0.061323
vt 0.904425 0.062107
vt 0.942778 0.060770
vt 0.929221 0.041717
vt 0.904425 0.034407
vt 0.883050 0.041731
vt 0.262972 0.917700
vt 0.318571 0.917700
vt 0.318570 0.919506
vt 0.262971 0.919506
vt 0.103869 0.987679
vt 0.166858 0.987679
vt 0.166851 0.989549
vt 0.104123 0.989549
vt 0.147972 0.917700
vt 0.209300 0.917700
vt 0.209299 0.919506
vt 0.147971 0.919506
vt 0.910843 0.917700
vt 0.968525 0.917700
vt 0.968437 0.919506
vt 0.910910 0.919506
vt 0.030193 0.917700
vt 0.090936 0.917700
vt 0.090866 0.919506
vt 0.030284 0.919506
vt 0.790483 0.917700
vt 0.852651 0.917700
vt 0.852650 0.919506
vt 0.790481 0.919506
vt 0.681490 0.917700
vt 0.735862 0.917700
vt 0.735861 0.919506
vt 0.681489 0.919506
vt 0.412019 0.987679
vt 0.482911 0.987679
vt 0.482670 0.989549
vt 0.412028 0.989549
vt 0.408504 0.917700
vt 0.451782 0.917700
vt 0.451780 0.919506
vt 0.408502 0.919506
vt 0.588038 0.917700
vt 0.634780 0.917700
vt 0.634779 0.919506
vt 0.588037 0.919506
vt 0.283921 0.987679
vt 0.343547 0.987679
vt 0.343548 0.989549
vt 0.283922 0.989549
vt 0.363270 0.917700
vt 0.363269 0.919506
vt 0.233009 0.987679
vt 0.233011 0.989549
vt 0.037232 0.987679
vt 0.037552 0.989549
vt 0.548095 0.987679
vt 0.547787 0.989549
vt 0.499644 0.917700
vt 0.499642 0.919506
vt 0.541476 0.917700
vt 0.541474 0.919506
vt 0.263015 0.863657
vt 0.318614 0.863657
vt 0.096388 0.932549
vt 0.167069 0.932549
vt 0.148016 0.863657
vt 0.209344 0.863657
vt 0.908855 0.863657
vt 0.971105 0.863657
vt 0.027530 0.863657
vt 0.092999 0.863657
vt 0.790513 0.863657
vt 0.852682 0.863657
vt 0.681522 0.863657
vt 0.735893 0.863657
vt 0.411740 0.932549
vt 0.490029 0.932549
vt 0.408545 0.863657
vt 0.451823 0.863657
vt 0.588074 0.863657
vt 0.634814 0.863657
vt 0.283883 0.932549
vt 0.343506 0.932549
vt 0.363312 0.863657
vt 0.232968 0.932549
vt 0.027787 0.932549
vt 0.557174 0.932549
vt 0.499686 0.863657
vt 0.541514 0.863657
vt 0.263017 0.861600
vt 0.318616 0.861600
vt 0.096104 0.930458
vt 0.167078 0.930458
vt 0.148018 0.861600
vt 0.209346 0.861600
vt 0.908780 0.861600
vt 0.971203 0.861600
vt 0.027428 0.861600
vt 0.093078 0.861600
vt 0.790514 0.861600
vt 0.852684 0.861600
vt 0.681523 0.861600
vt 0.735895 0.861600
vt 0.411729 0.930458
vt 0.490299 0.930458
vt 0.408546 0.861600
vt 0.451825 0.861600
vt 0.588075 0.861600
vt 0.634815 0.861600
vt 0.283882 0.930458
vt 0.343504 0.930458
vt 0.363314 0.861600
vt 0.232967 0.930458
vt 0.027428 0.930458
vt 0.557519 0.930458
vt 0.499688 0.861600
vt 0.541516 0.861600
s 1
usemtl insole
f 959/895/946 981/896/947 961/897/948 960/898/949
f 958/899/950 957/900/951 981/896/947 959/895/946
f 957/900/951 956/901/952 980/902/953 981/896/947
f 961/897/948 981/896/947 980/902/953 962/903/954
f 962/903/954 980/902/953 979/904/955 963/905/956
f 956/901/952 955/906/957 979/904/955 980/902/953
f 955/906/957 954/907/958 978/908/959 979/904/955
f 963/905/956 979/904/955 978/908/959 964/909/960
f 964/909/960 978/908/959 977/910/961 965/911/962
f 954/907/958 953/912/963 977/910/961 978/908/959
f 953/912/963 952/913/964 976/914/965 977/910/961
f 965/911/962 977/910/961 976/914/965 966/915/966
f 966/915/966 976/914/965 975/916/961 967/917/967
f 952/913/964 951/918/968 975/916/961 976/914/965
f 951/918/968 950/919/969 974/920/970 975/916/961
f 967/917/967 975/916/961 974/920/970 968/921/971
f 968/921/971 974/920/970 973/922/972 969/923/973
f 950/919/969 946/924/974 973/922/972 974/920/970
f 946/924/974 947/925/975 972/926/976 973/922/972
f 969/923/973 973/922/972 972/926/976 970/927/977
f 971/928/978 970/927/977 972/926/976 948/929/979
f 949/930/980 948/929/979 972/926/976 947/925/975
f 1008/931/981 1009/932/982 1004/933/983 1003/934/984
f 1010/935/985 1011/936/986 993/937/987 992/938/988
f 1012/939/989 1013/940/990 1002/941/991 1001/942/992
f 1014/943/993 1015/944/994 991/945/995 990/946/996
f 1016/947/997 1017/948/998 1000/949/999 999/950/1000
f 1018/951/1001 1019/952/1002 989/953/1003 988/954/1004
f 1020/955/1005 1021/956/1006 987/957/1007 986/958/1008
f 1022/959/1009 1023/960/1010 998/961/1011 997/962/1012
f 1024/963/1013 1025/964/1014 1007/965/1015 1006/966/1016
f 1026/967/1017 1027/968/1018 982/969/1019 983/970/1020
f 1028/971/1021 1029/972/1022 996/973/1023 995/974/1024
f 1009/932/982 1030/975/1025 1005/976/1026 1004/933/983
f 1027/968/1018 1020/955/1005 986/958/1008 982/969/1019
f 1011/936/986 1031/977/1027 994/978/1028 993/937/987
f 1013/940/990 1008/931/981 1003/934/984 1002/941/991
f 1015/979/994 1010/935/985 992/938/988 991/980/995
f 1017/948/998 1012/939/989 1001/942/992 1000/949/999
f 1019/952/1002 1014/943/993 990/946/996 989/953/1003
f 1023/960/1010 1016/981/997 999/982/1000 998/961/1011
f 1021/956/1006 1018/951/1001 988/954/1004 987/957/1007
f 1025/964/1014 1032/983/1029 984/984/1030 1007/965/1015
f 1033/985/1031 1026/967/1017 983/970/1020 985/986/1032
f 1029/972/1022 1022/959/1009 997/962/1012 996/973/1023
f 1030/975/1025 1024/963/1013 1006/966/1016 1005/976/1026
f 1032/983/1029 1033/985/1031 985/986/1032 984/984/1030
f 1031/977/1027 1028/971/1021 995/974/1024 994/978/1028
f 1034/987/981 1046/988/982 1009/932/982 1008/931/981
f 1035/989/1033 1047/990/1034 1011/936/986 1010/935/985
f 1036/991/1035 1048/992/990 1013/940/990 1012/939/989
f 1037/993/1036 1049/994/1037 1015/944/994 1014/943/993
f 1038/995/1038 1050/996/1039 1017/948/998 1016/947/997
f 1039/997/1001 1051/998/1040 1019/952/1002 1018/951/1001
f 1040/999/1005 1052/1000/1006 1021/956/1006 1020/955/1005
f 1041/1001/1041 1053/1002/1042 1023/960/1010 1022/959/1009
f 1042/1003/1013 1054/1004/1014 1025/964/1014 1024/963/1013
f 1043/1005/1017 1055/1006/1018 1027/968/1018 1026/967/1017
f 1044/1007/1021 1056/1008/1043 1029/972/1022 1028/971/1021
f 1046/988/982 1057/1009/1025 1030/975/1025 1009/932/982
f 1055/1006/1018 1040/999/1005 1020/955/1005 1027/968/1018
f 1047/990/1034 1058/1010/1044 1031/977/1027 1011/936/986
f 1048/992/990 1034/987/981 1008/931/981 1013/940/990
f 1049/1011/1037 1035/989/1033 1010/935/985 1015/979/994
f 1050/996/1039 1036/991/1035 1012/939/989 1017/948/998
f 1051/998/1040 1037/993/1036 1014/943/993 1019/952/1002
f 1053/1002/1042 1038/1012/1038 1016/981/997 1023/960/1010
f 1052/1000/1006 1039/997/1001 1018/951/1001 1021/956/1006
f 1054/1004/1014 1059/1013/1029 1032/983/1029 1025/964/1014
f 1045/1014/1031 1043/1005/1017 1026/967/1017 1033/985/1031
f 1056/1008/1043 1041/1001/1041 1022/959/1009 1029/972/1022
f 1057/1009/1025 1042/1003/1013 1024/963/1013 1030/975/1025
f 1059/1013/1029 1045/1014/1031 1033/985/1031 1032/983/1029
f 1058/1010/1044 1044/1007/1021 1028/971/1021 1031/977/1027
f 967/1015/967 968/1016/971 1046/988/982 1034/987/981
f 956/1017/952 957/1018/951 1047/990/1034 1035/989/1033
f 965/1019/962 966/1020/966 1048/992/990 1036/991/1035
f 954/1021/958 955/1022/957 1049/994/1037 1037/993/1036
f 963/1023/956 964/1024/960 1050/996/1039 1038/995/1038
f 952/1025/964 953/1026/963 1051/998/1040 1039/997/1001
f 950/1027/969 951/1028/968 1052/1000/1006 1040/999/1005
f 961/1029/948 962/1030/954 1053/1002/1042 1041/1001/1041
f 970/1031/977 971/1032/978 1054/1004/1014 1042/1003/1013
f 947/1033/975 946/1034/974 1055/1006/1018 1043/1005/1017
f 959/1035/946 960/1036/949 1056/1008/1043 1044/1007/1021
f 968/1016/971 969/1037/973 1057/1009/1025 1046/988/982
f 946/1034/974 950/1027/969 1040/999/1005 1055/1006/1018
f 957/1018/951 958/1038/950 1058/1010/1044 1047/990/1034
f 966/1020/966 967/1015/967 1034/987/981 1048/992/990
f 955/1039/957 956/1017/952 1035/989/1033 1049/1011/1037
f 964/1024/960 965/1019/962 1036/991/1035 1050/996/1039
f 953/1026/963 954/1021/958 1037/993/1036 1051/998/1040
f 962/1030/954 963/1040/956 1038/1012/1038 1053/1002/1042
f 951/1028/968 952/1025/964 1039/997/1001 1052/1000/1006
f 971/1032/978 948/1041/979 1059/1013/1029 1054/1004/1014
f 949/1042/980 947/1033/975 1043/1005/1017 1045/1014/1031
f 960/1036/949 961/1029/948 1041/1001/1041 1056/1008/1043
f 969/1037/973 970/1031/977 1042/1003/1013 1057/1009/1025
f 948/1041/979 949/1042/980 1045/1014/1031 1059/1013/1029
f 958/1038/950 959/1035/946 1044/1007/1021 1058/1010/1044
o plant_Plane.003
v 0.954924 3.807150 13.854211
v 5.771584 3.807617 12.870282
v 6.875026 3.082154 10.911056
v -0.623455 3.081427 12.442815
v 4.668468 4.240254 13.849301
v 2.169695 4.240012 14.359741
v 3.939619 4.342550 13.828352
v 3.274692 4.419273 13.809705
v 2.801515 4.393699 13.798682
v -4.894523 1.784709 -8.179606
v -4.906065 1.784709 -10.335792
v -2.450480 1.784709 -13.203522
v -4.006385 1.784709 -12.237503
v -4.573319 1.784710 -6.043685
v -3.512458 1.784710 -3.773180
v -2.698861 1.784710 -1.384193
v -2.110194 1.784710 1.430152
v -2.113356 1.889784 4.116326
v -2.336733 1.985795 6.750164
v -1.883169 2.415410 9.783006
v 7.387383 2.382514 7.656533
v 6.946226 1.996418 4.683003
v 6.003845 1.905032 2.050493
v 4.955977 1.799958 -0.365993
v 4.118171 1.799958 -3.074819
v 3.466491 1.799958 -5.470079
v 2.939902 1.799957 -7.987638
v 2.204898 1.799957 -9.916838
v 1.033642 1.799957 -11.626605
v -0.368530 1.799957 -12.999668
vn -0.0192 0.9963 -0.0838
s 1
usemtl black-line
f 1064//1045 1061//1045 1062//1045 1080//1045 1081//1045 1082//1045 1083//1045 1084//1045 1085//1045 1086//1045 1087//1045 1088//1045 1089//1045 1071//1045 1072//1045 1070//1045 1069//1045 1073//1045 1074//1045 1075//1045 1076//1045 1077//1045 1078//1045 1079//1045 1063//1045 1060//1045 1065//1045 1068//1045 1067//1045 1066//1045
